<Events>
<Event>
<ID>7</ID>
<Name>7plus: Show settings window</Name>
<Enabled>1</Enabled>
<DisableAfterUse>0</DisableAfterUse>
<DeleteAfterUse>0</DeleteAfterUse>
<OneInstance>0</OneInstance>
<Trigger>
<Type>Hotkey</Type>
<Key>#H</Key>
</Trigger>
<Conditions>
<Condition>
<Type>IsFullScreen</Type>
<Negate>1</Negate>
<UseExcludeList>0</UseExcludeList>
<UseIncludeList>1</UseIncludeList>
</Condition>
</Conditions>
<Actions>
<Action>
<Type>ShowSettings</Type>
</Action>
</Actions>
</Event>
<Event>
<ID>8</ID>
<Name>7plus: Restart 7plus</Name>
<Enabled>1</Enabled>
<DisableAfterUse>0</DisableAfterUse>
<DeleteAfterUse>0</DeleteAfterUse>
<OneInstance>0</OneInstance>
<Trigger>
<Type>Hotkey</Type>
<Key>#Q</Key>
</Trigger>
<Conditions></Conditions>
<Actions>
<Action>
<Type>Restart7plus</Type>
</Action>
</Actions>
</Event>
</Events>