<BugfixVersion>0</BugfixVersion>
<Events>
<Event>
<Actions>
<Action>
<Path>Upward</Path>
<Type>SetDirectory</Type>
<WindowFilter></WindowFilter>
<WindowMatchType>Active</WindowMatchType>
</Action></Actions>
<Conditions>
<Condition>
<Compare>${Class}</Compare>
<Negate>0</Negate>
<Operator>matches regular expression</Operator>
<Type>If</Type>
<With>(CabinetWClass|ExploreWClass)</With>
</Condition><Condition>
<Negate>1</Negate>
<Type>IsRenaming</Type>
</Condition></Conditions>
<DeleteAfterUse>0</DeleteAfterUse>
<DisableAfterUse>0</DisableAfterUse>
<Enabled>1</Enabled>
<ID>6</ID>
<Name>Explorer: Make backspace go upwards</Name>
<OneInstance>0</OneInstance>
<Trigger>
<Key>Backspace</Key>
<Type>Hotkey</Type>
</Trigger>
</Event><Event>
<Actions>
<Action>
<Path>Upward</Path>
<Type>SetDirectory</Type>
<WindowFilter></WindowFilter>
<WindowMatchType>Active</WindowMatchType>
</Action></Actions>
<Conditions>
<Condition>
<Negate>0</Negate>
<Type>IsDialog</Type>
</Condition><Condition>
<Negate>1</Negate>
<Type>IsRenaming</Type>
</Condition></Conditions>
<DeleteAfterUse>0</DeleteAfterUse>
<DisableAfterUse>0</DisableAfterUse>
<Enabled>1</Enabled>
<ID>7</ID>
<Name>File Dialog: Make backspace go upwards</Name>
<OneInstance>0</OneInstance>
<Trigger>
<Key>Backspace</Key>
<Type>Hotkey</Type>
</Trigger>
</Event></Events>
<MajorVersion>2</MajorVersion>
<MinorVersion>0</MinorVersion>
