<BugfixVersion>0</BugfixVersion>
<Events>
<Event>
<Actions>
<Action>
<Command>cmd.exe /k cd /D "${P}\"</Command>
<Type>Run</Type>
<WaitForFinish>0</WaitForFinish>
<WorkingDirectory></WorkingDirectory>
</Action></Actions>
<Conditions>
<Condition>
<Compare>${Class}</Compare>
<Negate>0</Negate>
<Operator>matches regular expression</Operator>
<Type>If</Type>
<With>(CabinetWClass|ExploreWClass|WorkerW|Progman)</With>
</Condition></Conditions>
<DeleteAfterUse>0</DeleteAfterUse>
<DisableAfterUse>0</DisableAfterUse>
<Enabled>1</Enabled>
<ID>9</ID>
<Name>CMD / Explorer: Run cmd in current directory</Name>
<OneInstance>0</OneInstance>
<Trigger>
<Key>#C</Key>
<Type>Hotkey</Type>
</Trigger>
</Event><Event>
<Actions>
<Action>
<Command>cmd.exe /k cd /D c:\</Command>
<Type>Run</Type>
<WaitForFinish>0</WaitForFinish>
<WorkingDirectory></WorkingDirectory>
</Action></Actions>
<Conditions>
<Condition>
<Compare>${Class}</Compare>
<Negate>1</Negate>
<Operator>matches regular expression</Operator>
<Type>If</Type>
<With>(CabinetWClass|ExploreWClass|WorkerW|Progman)</With>
</Condition><Condition>
<Compare>${TitlePath}</Compare>
<Negate>0</Negate>
<Operator>equals</Operator>
<Type>If</Type>
<With></With>
</Condition><Condition>
<Negate>1</Negate>
<Type>IsDialog</Type>
</Condition></Conditions>
<DeleteAfterUse>0</DeleteAfterUse>
<DisableAfterUse>0</DisableAfterUse>
<Enabled>1</Enabled>
<ID>10</ID>
<Name>CMD: Run cmd</Name>
<OneInstance>0</OneInstance>
<Trigger>
<Key>#C</Key>
<Type>Hotkey</Type>
</Trigger>
</Event><Event>
<Actions>
<Action>
<Command>cmd.exe /k cd /D "${TitlePath}\"</Command>
<Type>Run</Type>
<WaitForFinish>0</WaitForFinish>
<WorkingDirectory></WorkingDirectory>
</Action></Actions>
<Conditions>
<Condition>
<Compare>${Class}</Compare>
<Negate>1</Negate>
<Operator>matches regular expression</Operator>
<Type>If</Type>
<With>(CabinetWClass|ExploreWClass|WorkerW|Progman)</With>
</Condition><Condition>
<Compare>${TitlePath}</Compare>
<Negate>1</Negate>
<Operator>equals</Operator>
<Type>If</Type>
<With></With>
</Condition><Condition>
<Negate>1</Negate>
<Type>IsDialog</Type>
</Condition></Conditions>
<DeleteAfterUse>0</DeleteAfterUse>
<DisableAfterUse>0</DisableAfterUse>
<Enabled>1</Enabled>
<ID>11</ID>
<Name>CMD: Run cmd</Name>
<OneInstance>0</OneInstance>
<Trigger>
<Key>#C</Key>
<Type>Hotkey</Type>
</Trigger>
</Event><Event>
<Actions>
<Action>
<ForceClose></ForceClose>
<Type>WindowClose</Type>
<WindowFilter></WindowFilter>
<WindowMatchType>Active</WindowMatchType>
</Action></Actions>
<Conditions>
<Condition>
<Negate>0</Negate>
<Type>WindowActive</Type>
<WindowFilter>ConsoleWindowClass</WindowFilter>
<WindowMatchType>Class</WindowMatchType>
</Condition></Conditions>
<DeleteAfterUse>0</DeleteAfterUse>
<DisableAfterUse>0</DisableAfterUse>
<Enabled>1</Enabled>
<ID>13</ID>
<Name>CMD: Close with ALT + F4</Name>
<OneInstance>0</OneInstance>
<Trigger>
<Key>!F4</Key>
<Type>Hotkey</Type>
</Trigger>
</Event><Event>
<Actions>
<Action>
<Button>Right</Button>
<Relative>1</Relative>
<RestorePosition>1</RestorePosition>
<Type>MouseClick</Type>
<X>40</X>
<Y>40</Y>
</Action><Action>
<Keys>{Down 3}{Enter}</Keys>
<Type>SendKeys</Type>
</Action></Actions>
<Conditions>
<Condition>
<Negate>0</Negate>
<Type>WindowActive</Type>
<WindowFilter>ConsoleWindowClass</WindowFilter>
<WindowMatchType>Class</WindowMatchType>
</Condition></Conditions>
<DeleteAfterUse>0</DeleteAfterUse>
<DisableAfterUse>0</DisableAfterUse>
<Enabled>1</Enabled>
<ID>14</ID>
<Name>CMD: Enable CTRL+V to paste from clipboard</Name>
<OneInstance>0</OneInstance>
<Trigger>
<Key>^V</Key>
<Type>Hotkey</Type>
</Trigger>
</Event><Event>
<Actions>
<Action>
<Command>cmd.exe /k cd /D "${TitlePath}\"</Command>
<Type>Run</Type>
<WaitForFinish>0</WaitForFinish>
<WorkingDirectory></WorkingDirectory>
</Action></Actions>
<Conditions>
<Condition>
<Negate>0</Negate>
<Type>IsDialog</Type>
</Condition></Conditions>
<DeleteAfterUse>0</DeleteAfterUse>
<DisableAfterUse>0</DisableAfterUse>
<Enabled>1</Enabled>
<ID>222</ID>
<Name>CMD / File Dialog: Run cmd</Name>
<OneInstance>0</OneInstance>
<Trigger>
<Key>#C</Key>
<Type>Hotkey</Type>
</Trigger>
</Event></Events>
<MajorVersion>2</MajorVersion>
<MinorVersion>0</MinorVersion>
