<BugfixVersion>0</BugfixVersion>
<Events>
<Event>
<Actions>
<Action>
<Append>0</Append>
<Clear>1</Clear>
<Content>${SelNNEM}</Content>
<Cut>0</Cut>
<InsertType>Text</InsertType>
<Type>Clipboard</Type>
</Action></Actions>
<Conditions>
<Condition>
<Compare>${Control}</Compare>
<Negate>0</Negate>
<Operator>equals</Operator>
<Type>If</Type>
<With>DirectUIHWND2</With>
</Condition><Condition>
<Negate>0</Negate>
<Type>IsDialog</Type>
</Condition></Conditions>
<DeleteAfterUse>0</DeleteAfterUse>
<DisableAfterUse>0</DisableAfterUse>
<Enabled>1</Enabled>
<ID>15</ID>
<Name>File Dialog: Copy filenames to clipboard</Name>
<OneInstance>1</OneInstance>
<Trigger>
<Key>!C</Key>
<Type>Hotkey</Type>
</Trigger>
</Event><Event>
<Actions>
<Action>
<Append>0</Append>
<Clear>1</Clear>
<Content>${SelNM}</Content>
<Cut>0</Cut>
<InsertType>Text</InsertType>
<Type>Clipboard</Type>
</Action></Actions>
<Conditions>
<Condition>
<Compare>${Control}</Compare>
<Negate>0</Negate>
<Operator>equals</Operator>
<Type>If</Type>
<With>DirectUIHWND2</With>
</Condition><Condition>
<Negate>0</Negate>
<Type>IsDialog</Type>
</Condition></Conditions>
<DeleteAfterUse>0</DeleteAfterUse>
<DisableAfterUse>0</DisableAfterUse>
<Enabled>1</Enabled>
<ID>16</ID>
<Name>File Dialog: Copy full filepaths to clipboard</Name>
<OneInstance>1</OneInstance>
<Trigger>
<Key>^!C</Key>
<Type>Hotkey</Type>
</Trigger>
</Event><Event>
<Actions>
<Action>
<Append>1</Append>
<Clear>1</Clear>
<Content>${SelNNEM}</Content>
<Cut>0</Cut>
<InsertType>Text</InsertType>
<Type>Clipboard</Type>
</Action></Actions>
<Conditions>
<Condition>
<Compare>${Control}</Compare>
<Negate>0</Negate>
<Operator>equals</Operator>
<Type>If</Type>
<With>DirectUIHWND2</With>
</Condition><Condition>
<Negate>0</Negate>
<Type>IsDialog</Type>
</Condition></Conditions>
<DeleteAfterUse>0</DeleteAfterUse>
<DisableAfterUse>0</DisableAfterUse>
<Enabled>1</Enabled>
<ID>17</ID>
<Name>File Dialog: Append filenames to clipboard</Name>
<OneInstance>1</OneInstance>
<Trigger>
<Key>+!C</Key>
<Type>Hotkey</Type>
</Trigger>
</Event><Event>
<Actions>
<Action>
<Append>1</Append>
<Clear>1</Clear>
<Content>${SelNM}</Content>
<Cut>0</Cut>
<InsertType>Text</InsertType>
<Type>Clipboard</Type>
</Action></Actions>
<Conditions>
<Condition>
<Compare>${Control}</Compare>
<Negate>0</Negate>
<Operator>equals</Operator>
<Type>If</Type>
<With>DirectUIHWND2</With>
</Condition><Condition>
<Negate>0</Negate>
<Type>IsDialog</Type>
</Condition></Conditions>
<DeleteAfterUse>0</DeleteAfterUse>
<DisableAfterUse>0</DisableAfterUse>
<Enabled>1</Enabled>
<ID>18</ID>
<Name>File Dialog: Append full filepaths to clipboard</Name>
<OneInstance>1</OneInstance>
<Trigger>
<Key>^+!C</Key>
<Type>Hotkey</Type>
</Trigger>
</Event><Event>
<Actions>
<Action>
<Append>0</Append>
<Clear>1</Clear>
<Content>${SelNNEM}</Content>
<Cut>0</Cut>
<InsertType>Text</InsertType>
<Type>Clipboard</Type>
</Action></Actions>
<Conditions>
<Condition>
<Compare>${Class}</Compare>
<Negate>0</Negate>
<Operator>matches regular expression</Operator>
<Type>If</Type>
<With>(CabinetWClass|ExploreWClass|WorkerW|Progman)</With>
</Condition></Conditions>
<DeleteAfterUse>0</DeleteAfterUse>
<DisableAfterUse>0</DisableAfterUse>
<Enabled>1</Enabled>
<ID>19</ID>
<Name>Explorer: Copy filenames to clipboard</Name>
<OneInstance>1</OneInstance>
<Trigger>
<Key>!C</Key>
<Type>Hotkey</Type>
</Trigger>
</Event><Event>
<Actions>
<Action>
<Append>0</Append>
<Clear>1</Clear>
<Content>${SelNM}</Content>
<Cut>0</Cut>
<InsertType>Text</InsertType>
<Type>Clipboard</Type>
</Action></Actions>
<Conditions>
<Condition>
<Compare>${Class}</Compare>
<Negate>0</Negate>
<Operator>matches regular expression</Operator>
<Type>If</Type>
<With>(CabinetWClass|ExploreWClass|WorkerW|Progman)</With>
</Condition></Conditions>
<DeleteAfterUse>0</DeleteAfterUse>
<DisableAfterUse>0</DisableAfterUse>
<Enabled>1</Enabled>
<ID>20</ID>
<Name>Explorer: Copy full filepaths to clipboard</Name>
<OneInstance>1</OneInstance>
<Trigger>
<Key>^!C</Key>
<Type>Hotkey</Type>
</Trigger>
</Event><Event>
<Actions>
<Action>
<Append>1</Append>
<Clear>1</Clear>
<Content>${SelNNEM}</Content>
<Cut>0</Cut>
<InsertType>Text</InsertType>
<Type>Clipboard</Type>
</Action></Actions>
<Conditions>
<Condition>
<Compare>${Class}</Compare>
<Negate>0</Negate>
<Operator>matches regular expression</Operator>
<Type>If</Type>
<With>(CabinetWClass|ExploreWClass|WorkerW|Progman)</With>
</Condition></Conditions>
<DeleteAfterUse>0</DeleteAfterUse>
<DisableAfterUse>0</DisableAfterUse>
<Enabled>1</Enabled>
<ID>21</ID>
<Name>Explorer: Append filenames to clipboard</Name>
<OneInstance>1</OneInstance>
<Trigger>
<Key>+!C</Key>
<Type>Hotkey</Type>
</Trigger>
</Event><Event>
<Actions>
<Action>
<Append>1</Append>
<Clear>1</Clear>
<Content>${SelNM}</Content>
<Cut>0</Cut>
<InsertType>Text</InsertType>
<Type>Clipboard</Type>
</Action></Actions>
<Conditions>
<Condition>
<Compare>${Class}</Compare>
<Negate>0</Negate>
<Operator>matches regular expression</Operator>
<Type>If</Type>
<With>(CabinetWClass|ExploreWClass|WorkerW|Progman)</With>
</Condition></Conditions>
<DeleteAfterUse>0</DeleteAfterUse>
<DisableAfterUse>0</DisableAfterUse>
<Enabled>1</Enabled>
<ID>22</ID>
<Name>Explorer: Append full filepaths to clipboard</Name>
<OneInstance>1</OneInstance>
<Trigger>
<Key>^+!C</Key>
<Type>Hotkey</Type>
</Trigger>
</Event></Events>
<MajorVersion>2</MajorVersion>
<MinorVersion>0</MinorVersion>
