<Events>
<Event>
<ID>1</ID>
<Name>Explorer: Create new textfile</Name>
<Enabled>1</Enabled>
<DisableAfterUse>0</DisableAfterUse>
<DeleteAfterUse>0</DeleteAfterUse>
<OneInstance>0</OneInstance>
<Trigger>
<Type>Hotkey</Type>
<Key>F7</Key>
</Trigger>
<Conditions>
<Condition>
<Type>If</Type>
<Compare>${Class}</Compare>
<Negate>0</Negate>
<Operator>matches regular expression</Operator>
<With>(CabinetWClass|ExploreWClass|WorkerW|Progman)</With>
</Condition>
<Condition>
<Type>IsRenaming</Type>
<Negate>1</Negate>
</Condition>
</Conditions>
<Actions>
<Action>
<Type>NewFile</Type>
<Filename></Filename>
<Rename>1</Rename>
</Action>
</Actions>
</Event>
<Event>
<ID>2</ID>
<Name>Explorer: Create new folder</Name>
<Enabled>1</Enabled>
<DisableAfterUse>0</DisableAfterUse>
<DeleteAfterUse>0</DeleteAfterUse>
<OneInstance>0</OneInstance>
<Trigger>
<Type>Hotkey</Type>
<Key>F8</Key>
</Trigger>
<Conditions>
<Condition>
<Type>If</Type>
<Compare>${Class}</Compare>
<Negate>0</Negate>
<Operator>matches regular expression</Operator>
<With>(CabinetWClass|ExploreWClass|WorkerW|Progman)</With>
</Condition>
<Condition>
<Type>IsRenaming</Type>
<Negate>1</Negate>
</Condition>
</Conditions>
<Actions>
<Action>
<Type>NewFolder</Type>
<FolderName></FolderName>
<Rename>1</Rename>
</Action>
</Actions>
</Event>
<Event>
<ID>3</ID>
<Name>File Dialog: Create new textfile</Name>
<Enabled>1</Enabled>
<DisableAfterUse>0</DisableAfterUse>
<DeleteAfterUse>0</DeleteAfterUse>
<OneInstance>0</OneInstance>
<Trigger>
<Type>Hotkey</Type>
<Key>F7</Key>
</Trigger>
<Conditions>
<Condition>
<Type>IsDialog</Type>
<Negate>0</Negate>
</Condition>
<Condition>
<Type>IsRenaming</Type>
<Negate>1</Negate>
</Condition>
</Conditions>
<Actions>
<Action>
<Type>NewFile</Type>
<Filename></Filename>
<Rename>1</Rename>
</Action>
</Actions>
</Event>
<Event>
<ID>4</ID>
<Name>File Dialog: Create new folder</Name>
<Enabled>1</Enabled>
<DisableAfterUse>0</DisableAfterUse>
<DeleteAfterUse>0</DeleteAfterUse>
<OneInstance>0</OneInstance>
<Trigger>
<Type>Hotkey</Type>
<Key>F8</Key>
</Trigger>
<Conditions>
<Condition>
<Type>IsDialog</Type>
<Negate>0</Negate>
</Condition>
<Condition>
<Type>IsRenaming</Type>
<Negate>1</Negate>
</Condition>
</Conditions>
<Actions>
<Action>
<Type>NewFolder</Type>
<FolderName></FolderName>
<Rename>1</Rename>
</Action>
</Actions>
</Event>
</Events>
<MajorVersion>2</MajorVersion>
<MinorVersion>0</MinorVersion>
<BugfixVersion>0</BugfixVersion>