<Events>
<Event>
<ID>3</ID>
<Name>Picture viewer: Rotate image right with R</Name>
<Enabled>1</Enabled>
<DisableAfterUse>0</DisableAfterUse>
<DeleteAfterUse>0</DeleteAfterUse>
<OneInstance>0</OneInstance>
<Trigger>
<Type>Hotkey</Type>
<Key>R</Key>
</Trigger>
<Conditions>
<Condition>
<Type>WindowActive</Type>
<Negate>0</Negate>
<WindowFilter>Photo_Lightweight_Viewer</WindowFilter>
<WindowMatchType>Class</WindowMatchType>
</Condition>
</Conditions>
<Actions>
<Action>
<Type>SendKeys</Type>
<Keys>^,</Keys>
</Action>
</Actions>
</Event>
<Event>
<ID>4</ID>
<Name>Picture viewer: Rotate image left with L</Name>
<Enabled>1</Enabled>
<DisableAfterUse>0</DisableAfterUse>
<DeleteAfterUse>0</DeleteAfterUse>
<OneInstance>0</OneInstance>
<Trigger>
<Type>Hotkey</Type>
<Key>L</Key>
</Trigger>
<Conditions>
<Condition>
<Type>WindowActive</Type>
<Negate>0</Negate>
<WindowFilter>Photo_Lightweight_Viewer</WindowFilter>
<WindowMatchType>Class</WindowMatchType>
</Condition>
</Conditions>
<Actions>
<Action>
<Type>SendKeys</Type>
<Keys>^,</Keys>
</Action>
</Actions>
</Event>
</Events>