<BugfixVersion>0</BugfixVersion>
<Events>
<Event>
<Actions>
<Action>
<Type>ShowSettings</Type>
</Action></Actions>
<Conditions>
<Condition>
<Negate>1</Negate>
<Type>IsFullScreen</Type>
<UseExcludeList>0</UseExcludeList>
<UseIncludeList>1</UseIncludeList>
</Condition></Conditions>
<DeleteAfterUse>0</DeleteAfterUse>
<DisableAfterUse>0</DisableAfterUse>
<Enabled>1</Enabled>
<ID>0</ID>
<Name>7plus: Show settings window</Name>
<OneInstance>0</OneInstance>
<Trigger>
<Key>#H</Key>
<Type>Hotkey</Type>
</Trigger>
</Event><Event>
<Actions>
<Action>
<Type>Restart7plus</Type>
</Action></Actions>
<Conditions>
</Conditions>
<DeleteAfterUse>0</DeleteAfterUse>
<DisableAfterUse>0</DisableAfterUse>
<Enabled>1</Enabled>
<ID>1</ID>
<Name>7plus: Restart 7plus</Name>
<OneInstance>0</OneInstance>
<Trigger>
<Key>#Q</Key>
<Type>Hotkey</Type>
</Trigger>
</Event><Event>
<Actions>
<Action>
<Append>1</Append>
<Clear>0</Clear>
<Content>${SelNM}</Content>
<Cut>0</Cut>
<InsertType>File</InsertType>
<Type>Clipboard</Type>
</Action></Actions>
<Conditions>
<Condition>
<Compare>${Class}</Compare>
<Negate>0</Negate>
<Operator>matches regular expression</Operator>
<Type>If</Type>
<With>(CabinetWClass|ExploreWClass|WorkerW|Progman)</With>
</Condition><Condition>
<Negate>1</Negate>
<Type>IsRenaming</Type>
</Condition></Conditions>
<DeleteAfterUse>0</DeleteAfterUse>
<DisableAfterUse>0</DisableAfterUse>
<Enabled>1</Enabled>
<ID>2</ID>
<Name>Explorer: Append file(s) to clipboard</Name>
<OneInstance>0</OneInstance>
<Trigger>
<Key>+C</Key>
<Type>Hotkey</Type>
</Trigger>
</Event><Event>
<Actions>
<Action>
<Append>1</Append>
<Clear>0</Clear>
<Content>${SelNM}</Content>
<Cut>1</Cut>
<InsertType>File</InsertType>
<Type>Clipboard</Type>
</Action></Actions>
<Conditions>
<Condition>
<Compare>${Class}</Compare>
<Negate>0</Negate>
<Operator>matches regular expression</Operator>
<Type>If</Type>
<With>(CabinetWClass|ExploreWClass|WorkerW|Progman)</With>
</Condition><Condition>
<Negate>1</Negate>
<Type>IsRenaming</Type>
</Condition></Conditions>
<DeleteAfterUse>0</DeleteAfterUse>
<DisableAfterUse>0</DisableAfterUse>
<Enabled>1</Enabled>
<ID>3</ID>
<Name>Explorer: Append file(s) to clipboard: Cut</Name>
<OneInstance>0</OneInstance>
<Trigger>
<Key>+X</Key>
<Type>Hotkey</Type>
</Trigger>
</Event><Event>
<Actions>
<Action>
<Append>1</Append>
<Clear>0</Clear>
<Content>${SelNM}</Content>
<Cut>0</Cut>
<InsertType>File</InsertType>
<Type>Clipboard</Type>
</Action></Actions>
<Conditions>
<Condition>
<Negate>0</Negate>
<Type>IsDialog</Type>
</Condition><Condition>
<Negate>1</Negate>
<Type>IsRenaming</Type>
</Condition></Conditions>
<DeleteAfterUse>0</DeleteAfterUse>
<DisableAfterUse>0</DisableAfterUse>
<Enabled>1</Enabled>
<ID>4</ID>
<Name>File Dialog: Append file(s) to clipboard</Name>
<OneInstance>0</OneInstance>
<Trigger>
<Key>+C</Key>
<Type>Hotkey</Type>
</Trigger>
</Event><Event>
<Actions>
<Action>
<Append>1</Append>
<Clear>0</Clear>
<Content>${SelNM}</Content>
<Cut>1</Cut>
<InsertType>File</InsertType>
<Type>Clipboard</Type>
</Action></Actions>
<Conditions>
<Condition>
<Negate>0</Negate>
<Type>IsDialog</Type>
</Condition><Condition>
<Negate>1</Negate>
<Type>IsRenaming</Type>
</Condition></Conditions>
<DeleteAfterUse>0</DeleteAfterUse>
<DisableAfterUse>0</DisableAfterUse>
<Enabled>1</Enabled>
<ID>5</ID>
<Name>File Dialog: Append file(s) to clipboard: Cut</Name>
<OneInstance>0</OneInstance>
<Trigger>
<Key>+X</Key>
<Type>Hotkey</Type>
</Trigger>
</Event><Event>
<Actions>
<Action>
<Path>Upward</Path>
<Type>SetDirectory</Type>
<WindowFilter></WindowFilter>
<WindowMatchType>Active</WindowMatchType>
</Action></Actions>
<Conditions>
<Condition>
<Compare>${Class}</Compare>
<Negate>0</Negate>
<Operator>matches regular expression</Operator>
<Type>If</Type>
<With>(CabinetWClass|ExploreWClass)</With>
</Condition><Condition>
<Negate>1</Negate>
<Type>IsRenaming</Type>
</Condition></Conditions>
<DeleteAfterUse>0</DeleteAfterUse>
<DisableAfterUse>0</DisableAfterUse>
<Enabled>1</Enabled>
<ID>6</ID>
<Name>Explorer: Make backspace go upwards</Name>
<OneInstance>0</OneInstance>
<Trigger>
<Key>Backspace</Key>
<Type>Hotkey</Type>
</Trigger>
</Event><Event>
<Actions>
<Action>
<Path>Upward</Path>
<Type>SetDirectory</Type>
<WindowFilter></WindowFilter>
<WindowMatchType>Active</WindowMatchType>
</Action></Actions>
<Conditions>
<Condition>
<Negate>0</Negate>
<Type>IsDialog</Type>
</Condition><Condition>
<Negate>1</Negate>
<Type>IsRenaming</Type>
</Condition></Conditions>
<DeleteAfterUse>0</DeleteAfterUse>
<DisableAfterUse>0</DisableAfterUse>
<Enabled>1</Enabled>
<ID>7</ID>
<Name>File Dialog: Make backspace go upwards</Name>
<OneInstance>0</OneInstance>
<Trigger>
<Key>Backspace</Key>
<Type>Hotkey</Type>
</Trigger>
</Event><Event>
<Actions>
<Action>
<Type>Clipmenu</Type>
</Action></Actions>
<Conditions>
</Conditions>
<DeleteAfterUse>0</DeleteAfterUse>
<DisableAfterUse>0</DisableAfterUse>
<Enabled>1</Enabled>
<ID>8</ID>
<Name>Clipboard Manager</Name>
<OneInstance>0</OneInstance>
<Trigger>
<Key>#V</Key>
<Type>Hotkey</Type>
</Trigger>
</Event><Event>
<Actions>
<Action>
<Command>cmd.exe /k cd /D "${P}\"</Command>
<Type>Run</Type>
<WaitForFinish>0</WaitForFinish>
<WorkingDirectory></WorkingDirectory>
</Action></Actions>
<Conditions>
<Condition>
<Compare>${Class}</Compare>
<Negate>0</Negate>
<Operator>matches regular expression</Operator>
<Type>If</Type>
<With>(CabinetWClass|ExploreWClass|WorkerW|Progman)</With>
</Condition></Conditions>
<DeleteAfterUse>0</DeleteAfterUse>
<DisableAfterUse>0</DisableAfterUse>
<Enabled>1</Enabled>
<ID>9</ID>
<Name>CMD / Explorer: Run cmd in current directory</Name>
<OneInstance>0</OneInstance>
<Trigger>
<Key>#C</Key>
<Type>Hotkey</Type>
</Trigger>
</Event><Event>
<Actions>
<Action>
<Command>cmd.exe /k cd /D c:\</Command>
<Type>Run</Type>
<WaitForFinish>0</WaitForFinish>
<WorkingDirectory></WorkingDirectory>
</Action></Actions>
<Conditions>
<Condition>
<Compare>${Class}</Compare>
<Negate>1</Negate>
<Operator>matches regular expression</Operator>
<Type>If</Type>
<With>(CabinetWClass|ExploreWClass|WorkerW|Progman)</With>
</Condition><Condition>
<Compare>${TitlePath}</Compare>
<Negate>0</Negate>
<Operator>equals</Operator>
<Type>If</Type>
<With></With>
</Condition><Condition>
<Negate>1</Negate>
<Type>IsDialog</Type>
</Condition></Conditions>
<DeleteAfterUse>0</DeleteAfterUse>
<DisableAfterUse>0</DisableAfterUse>
<Enabled>1</Enabled>
<ID>10</ID>
<Name>CMD: Run cmd</Name>
<OneInstance>0</OneInstance>
<Trigger>
<Key>#C</Key>
<Type>Hotkey</Type>
</Trigger>
</Event><Event>
<Actions>
<Action>
<Command>cmd.exe /k cd /D "${TitlePath}\"</Command>
<Type>Run</Type>
<WaitForFinish>0</WaitForFinish>
<WorkingDirectory></WorkingDirectory>
</Action></Actions>
<Conditions>
<Condition>
<Compare>${Class}</Compare>
<Negate>1</Negate>
<Operator>matches regular expression</Operator>
<Type>If</Type>
<With>(CabinetWClass|ExploreWClass|WorkerW|Progman)</With>
</Condition><Condition>
<Compare>${TitlePath}</Compare>
<Negate>1</Negate>
<Operator>equals</Operator>
<Type>If</Type>
<With></With>
</Condition><Condition>
<Negate>1</Negate>
<Type>IsDialog</Type>
</Condition></Conditions>
<DeleteAfterUse>0</DeleteAfterUse>
<DisableAfterUse>0</DisableAfterUse>
<Enabled>1</Enabled>
<ID>11</ID>
<Name>CMD: Run cmd</Name>
<OneInstance>0</OneInstance>
<Trigger>
<Key>#C</Key>
<Type>Hotkey</Type>
</Trigger>
</Event><Event>
<Actions>
<Action>
<ForceClose></ForceClose>
<Type>WindowClose</Type>
<WindowFilter></WindowFilter>
<WindowMatchType>Active</WindowMatchType>
</Action></Actions>
<Conditions>
<Condition>
<Negate>0</Negate>
<Type>WindowActive</Type>
<WindowFilter>ConsoleWindowClass</WindowFilter>
<WindowMatchType>Class</WindowMatchType>
</Condition></Conditions>
<DeleteAfterUse>0</DeleteAfterUse>
<DisableAfterUse>0</DisableAfterUse>
<Enabled>1</Enabled>
<ID>13</ID>
<Name>CMD: Close with ALT + F4</Name>
<OneInstance>0</OneInstance>
<Trigger>
<Key>!F4</Key>
<Type>Hotkey</Type>
</Trigger>
</Event><Event>
<Actions>
<Action>
<Button>Right</Button>
<Relative>1</Relative>
<RestorePosition>1</RestorePosition>
<Type>MouseClick</Type>
<X>40</X>
<Y>40</Y>
</Action><Action>
<Keys>{Down 3}{Enter}</Keys>
<Type>SendKeys</Type>
</Action></Actions>
<Conditions>
<Condition>
<Negate>0</Negate>
<Type>WindowActive</Type>
<WindowFilter>ConsoleWindowClass</WindowFilter>
<WindowMatchType>Class</WindowMatchType>
</Condition></Conditions>
<DeleteAfterUse>0</DeleteAfterUse>
<DisableAfterUse>0</DisableAfterUse>
<Enabled>1</Enabled>
<ID>14</ID>
<Name>CMD: Enable CTRL+V to paste from clipboard</Name>
<OneInstance>0</OneInstance>
<Trigger>
<Key>^V</Key>
<Type>Hotkey</Type>
</Trigger>
</Event><Event>
<Actions>
<Action>
<Command>cmd.exe /k cd /D "${TitlePath}\"</Command>
<Type>Run</Type>
<WaitForFinish>0</WaitForFinish>
<WorkingDirectory></WorkingDirectory>
</Action></Actions>
<Conditions>
<Condition>
<Negate>0</Negate>
<Type>IsDialog</Type>
</Condition></Conditions>
<DeleteAfterUse>0</DeleteAfterUse>
<DisableAfterUse>0</DisableAfterUse>
<Enabled>1</Enabled>
<ID>222</ID>
<Name>CMD / File Dialog: Run cmd</Name>
<OneInstance>0</OneInstance>
<Trigger>
<Key>#C</Key>
<Type>Hotkey</Type>
</Trigger>
</Event><Event>
<Actions>
<Action>
<Append>0</Append>
<Clear>1</Clear>
<Content>${SelNNEM}</Content>
<Cut>0</Cut>
<InsertType>Text</InsertType>
<Type>Clipboard</Type>
</Action></Actions>
<Conditions>
<Condition>
<Compare>${Control}</Compare>
<Negate>0</Negate>
<Operator>equals</Operator>
<Type>If</Type>
<With>DirectUIHWND2</With>
</Condition><Condition>
<Negate>0</Negate>
<Type>IsDialog</Type>
</Condition></Conditions>
<DeleteAfterUse>0</DeleteAfterUse>
<DisableAfterUse>0</DisableAfterUse>
<Enabled>1</Enabled>
<ID>227</ID>
<Name>File Dialog: Copy filenames to clipboard</Name>
<OneInstance>1</OneInstance>
<Trigger>
<Key>!C</Key>
<Type>Hotkey</Type>
</Trigger>
</Event><Event>
<Actions>
<Action>
<Append>0</Append>
<Clear>1</Clear>
<Content>${SelNM}</Content>
<Cut>0</Cut>
<InsertType>Text</InsertType>
<Type>Clipboard</Type>
</Action></Actions>
<Conditions>
<Condition>
<Compare>${Control}</Compare>
<Negate>0</Negate>
<Operator>equals</Operator>
<Type>If</Type>
<With>DirectUIHWND2</With>
</Condition><Condition>
<Negate>0</Negate>
<Type>IsDialog</Type>
</Condition></Conditions>
<DeleteAfterUse>0</DeleteAfterUse>
<DisableAfterUse>0</DisableAfterUse>
<Enabled>1</Enabled>
<ID>228</ID>
<Name>File Dialog: Copy full filepaths to clipboard</Name>
<OneInstance>1</OneInstance>
<Trigger>
<Key>^!C</Key>
<Type>Hotkey</Type>
</Trigger>
</Event><Event>
<Actions>
<Action>
<Append>1</Append>
<Clear>1</Clear>
<Content>${SelNNEM}</Content>
<Cut>0</Cut>
<InsertType>Text</InsertType>
<Type>Clipboard</Type>
</Action></Actions>
<Conditions>
<Condition>
<Compare>${Control}</Compare>
<Negate>0</Negate>
<Operator>equals</Operator>
<Type>If</Type>
<With>DirectUIHWND2</With>
</Condition><Condition>
<Negate>0</Negate>
<Type>IsDialog</Type>
</Condition></Conditions>
<DeleteAfterUse>0</DeleteAfterUse>
<DisableAfterUse>0</DisableAfterUse>
<Enabled>1</Enabled>
<ID>229</ID>
<Name>File Dialog: Append filenames to clipboard</Name>
<OneInstance>1</OneInstance>
<Trigger>
<Key>+!C</Key>
<Type>Hotkey</Type>
</Trigger>
</Event><Event>
<Actions>
<Action>
<Append>1</Append>
<Clear>1</Clear>
<Content>${SelNM}</Content>
<Cut>0</Cut>
<InsertType>Text</InsertType>
<Type>Clipboard</Type>
</Action></Actions>
<Conditions>
<Condition>
<Compare>${Control}</Compare>
<Negate>0</Negate>
<Operator>equals</Operator>
<Type>If</Type>
<With>DirectUIHWND2</With>
</Condition><Condition>
<Negate>0</Negate>
<Type>IsDialog</Type>
</Condition></Conditions>
<DeleteAfterUse>0</DeleteAfterUse>
<DisableAfterUse>0</DisableAfterUse>
<Enabled>1</Enabled>
<ID>230</ID>
<Name>File Dialog: Append full filepaths to clipboard</Name>
<OneInstance>1</OneInstance>
<Trigger>
<Key>^+!C</Key>
<Type>Hotkey</Type>
</Trigger>
</Event><Event>
<Actions>
<Action>
<Append>0</Append>
<Clear>1</Clear>
<Content>${SelNNEM}</Content>
<Cut>0</Cut>
<InsertType>Text</InsertType>
<Type>Clipboard</Type>
</Action></Actions>
<Conditions>
<Condition>
<Compare>${Class}</Compare>
<Negate>0</Negate>
<Operator>matches regular expression</Operator>
<Type>If</Type>
<With>(CabinetWClass|ExploreWClass|WorkerW|Progman)</With>
</Condition></Conditions>
<DeleteAfterUse>0</DeleteAfterUse>
<DisableAfterUse>0</DisableAfterUse>
<Enabled>1</Enabled>
<ID>231</ID>
<Name>Explorer: Copy filenames to clipboard</Name>
<OneInstance>1</OneInstance>
<Trigger>
<Key>!C</Key>
<Type>Hotkey</Type>
</Trigger>
</Event><Event>
<Actions>
<Action>
<Append>0</Append>
<Clear>1</Clear>
<Content>${SelNM}</Content>
<Cut>0</Cut>
<InsertType>Text</InsertType>
<Type>Clipboard</Type>
</Action></Actions>
<Conditions>
<Condition>
<Compare>${Class}</Compare>
<Negate>0</Negate>
<Operator>matches regular expression</Operator>
<Type>If</Type>
<With>(CabinetWClass|ExploreWClass|WorkerW|Progman)</With>
</Condition></Conditions>
<DeleteAfterUse>0</DeleteAfterUse>
<DisableAfterUse>0</DisableAfterUse>
<Enabled>1</Enabled>
<ID>232</ID>
<Name>Explorer: Copy full filepaths to clipboard</Name>
<OneInstance>1</OneInstance>
<Trigger>
<Key>^!C</Key>
<Type>Hotkey</Type>
</Trigger>
</Event><Event>
<Actions>
<Action>
<Append>1</Append>
<Clear>1</Clear>
<Content>${SelNNEM}</Content>
<Cut>0</Cut>
<InsertType>Text</InsertType>
<Type>Clipboard</Type>
</Action></Actions>
<Conditions>
<Condition>
<Compare>${Class}</Compare>
<Negate>0</Negate>
<Operator>matches regular expression</Operator>
<Type>If</Type>
<With>(CabinetWClass|ExploreWClass|WorkerW|Progman)</With>
</Condition></Conditions>
<DeleteAfterUse>0</DeleteAfterUse>
<DisableAfterUse>0</DisableAfterUse>
<Enabled>1</Enabled>
<ID>233</ID>
<Name>Explorer: Append filenames to clipboard</Name>
<OneInstance>1</OneInstance>
<Trigger>
<Key>+!C</Key>
<Type>Hotkey</Type>
</Trigger>
</Event><Event>
<Actions>
<Action>
<Append>1</Append>
<Clear>1</Clear>
<Content>${SelNM}</Content>
<Cut>0</Cut>
<InsertType>Text</InsertType>
<Type>Clipboard</Type>
</Action></Actions>
<Conditions>
<Condition>
<Compare>${Class}</Compare>
<Negate>0</Negate>
<Operator>matches regular expression</Operator>
<Type>If</Type>
<With>(CabinetWClass|ExploreWClass|WorkerW|Progman)</With>
</Condition></Conditions>
<DeleteAfterUse>0</DeleteAfterUse>
<DisableAfterUse>0</DisableAfterUse>
<Enabled>1</Enabled>
<ID>234</ID>
<Name>Explorer: Append full filepaths to clipboard</Name>
<OneInstance>1</OneInstance>
<Trigger>
<Key>^+!C</Key>
<Type>Hotkey</Type>
</Trigger>
</Event><Event>
<Actions>
<Action>
<Filename>Neues Textdokument.txt</Filename>
<Rename>1</Rename>
<Type>NewFile</Type>
</Action></Actions>
<Conditions>
<Condition>
<Compare>${Class}</Compare>
<Negate>0</Negate>
<Operator>matches regular expression</Operator>
<Type>If</Type>
<With>(CabinetWClass|ExploreWClass|WorkerW|Progman)</With>
</Condition><Condition>
<Negate>1</Negate>
<Type>IsRenaming</Type>
</Condition></Conditions>
<DeleteAfterUse>0</DeleteAfterUse>
<DisableAfterUse>0</DisableAfterUse>
<Enabled>1</Enabled>
<ID>235</ID>
<Name>Explorer: Create new textfile</Name>
<OneInstance>0</OneInstance>
<Trigger>
<Key>F7</Key>
<Type>Hotkey</Type>
</Trigger>
</Event><Event>
<Actions>
<Action>
<FolderName>Neuer Ordner</FolderName>
<Rename>1</Rename>
<Type>NewFolder</Type>
</Action></Actions>
<Conditions>
<Condition>
<Compare>${Class}</Compare>
<Negate>0</Negate>
<Operator>matches regular expression</Operator>
<Type>If</Type>
<With>(CabinetWClass|ExploreWClass|WorkerW|Progman)</With>
</Condition><Condition>
<Negate>1</Negate>
<Type>IsRenaming</Type>
</Condition></Conditions>
<DeleteAfterUse>0</DeleteAfterUse>
<DisableAfterUse>0</DisableAfterUse>
<Enabled>1</Enabled>
<ID>236</ID>
<Name>Explorer: Create new folder</Name>
<OneInstance>0</OneInstance>
<Trigger>
<Key>F8</Key>
<Type>Hotkey</Type>
</Trigger>
</Event><Event>
<Actions>
<Action>
<Filename>Neues Textdokument.txt</Filename>
<Rename>1</Rename>
<Type>NewFile</Type>
</Action></Actions>
<Conditions>
<Condition>
<Negate>0</Negate>
<Type>IsDialog</Type>
</Condition><Condition>
<Negate>1</Negate>
<Type>IsRenaming</Type>
</Condition></Conditions>
<DeleteAfterUse>0</DeleteAfterUse>
<DisableAfterUse>0</DisableAfterUse>
<Enabled>1</Enabled>
<ID>237</ID>
<Name>File Dialog: Create new textfile</Name>
<OneInstance>0</OneInstance>
<Trigger>
<Key>F7</Key>
<Type>Hotkey</Type>
</Trigger>
</Event><Event>
<Actions>
<Action>
<FolderName>Neuer Ordner</FolderName>
<Rename>1</Rename>
<Type>NewFolder</Type>
</Action></Actions>
<Conditions>
<Condition>
<Negate>0</Negate>
<Type>IsDialog</Type>
</Condition><Condition>
<Negate>1</Negate>
<Type>IsRenaming</Type>
</Condition></Conditions>
<DeleteAfterUse>0</DeleteAfterUse>
<DisableAfterUse>0</DisableAfterUse>
<Enabled>1</Enabled>
<ID>238</ID>
<Name>File Dialog: Create new folder</Name>
<OneInstance>0</OneInstance>
<Trigger>
<Key>F8</Key>
<Type>Hotkey</Type>
</Trigger>
</Event><Event>
<Actions>
<Action>
<Command>"%WinDir%\explorer.exe" /n,/e,${P}</Command>
<Type>Run</Type>
<WaitForFinish>0</WaitForFinish>
<WorkingDirectory></WorkingDirectory>
</Action></Actions>
<Conditions>
</Conditions>
<DeleteAfterUse>0</DeleteAfterUse>
<DisableAfterUse>0</DisableAfterUse>
<Enabled>1</Enabled>
<ID>239</ID>
<Name>Run explorer</Name>
<OneInstance>0</OneInstance>
<Trigger>
<Type>DoubleClickDesktop</Type>
</Trigger>
</Event><Event>
<Actions>
<Action>
<Command>taskmgr</Command>
<Type>Run</Type>
<WaitForFinish>0</WaitForFinish>
<WorkingDirectory></WorkingDirectory>
</Action></Actions>
<Conditions>
</Conditions>
<DeleteAfterUse>0</DeleteAfterUse>
<DisableAfterUse>0</DisableAfterUse>
<Enabled>1</Enabled>
<ID>240</ID>
<Name>Run task manager</Name>
<OneInstance>0</OneInstance>
<Trigger>
<Type>DoubleClickTaskbar</Type>
</Trigger>
</Event><Event>
<Actions>
<Action>
<Path>Upward</Path>
<Type>SetDirectory</Type>
<WindowFilter></WindowFilter>
<WindowMatchType>Active</WindowMatchType>
</Action></Actions>
<Conditions>
</Conditions>
<DeleteAfterUse>0</DeleteAfterUse>
<DisableAfterUse>0</DisableAfterUse>
<Enabled>1</Enabled>
<ID>241</ID>
<Name>Explorer: Double click go upwards</Name>
<OneInstance>0</OneInstance>
<Trigger>
<Type>ExplorerDoubleClickSpace</Type>
</Trigger>
</Event><Event>
<Actions>
<Action>
<Slot>0</Slot>
<Type>FastFoldersRecall</Type>
</Action></Actions>
<Conditions>
<Condition>
<Compare>${Class}</Compare>
<Negate>0</Negate>
<Operator>matches regular expression</Operator>
<Type>If</Type>
<With>(CabinetWClass|ExploreWClass|WorkerW|Progman)</With>
</Condition><Condition>
<Negate>1</Negate>
<Type>IsRenaming</Type>
</Condition></Conditions>
<DeleteAfterUse>0</DeleteAfterUse>
<DisableAfterUse>0</DisableAfterUse>
<Enabled>1</Enabled>
<ID>242</ID>
<Name>Explorer: Open Fast Folders Slot 0</Name>
<OneInstance>0</OneInstance>
<Trigger>
<Key>Numpad0</Key>
<Type>Hotkey</Type>
</Trigger>
</Event><Event>
<Actions>
<Action>
<Slot>0</Slot>
<Type>FastFoldersRecall</Type>
</Action></Actions>
<Conditions>
<Condition>
<Negate>0</Negate>
<Type>IsDialog</Type>
</Condition><Condition>
<Negate>1</Negate>
<Type>IsRenaming</Type>
</Condition></Conditions>
<DeleteAfterUse>0</DeleteAfterUse>
<DisableAfterUse>0</DisableAfterUse>
<Enabled>1</Enabled>
<ID>243</ID>
<Name>Explorer / File Dialog: Open Fast Folders Slot 0</Name>
<OneInstance>0</OneInstance>
<Trigger>
<Key>Numpad0</Key>
<Type>Hotkey</Type>
</Trigger>
</Event><Event>
<Actions>
<Action>
<Slot>1</Slot>
<Type>FastFoldersRecall</Type>
</Action></Actions>
<Conditions>
<Condition>
<Compare>${Class}</Compare>
<Negate>0</Negate>
<Operator>matches regular expression</Operator>
<Type>If</Type>
<With>(CabinetWClass|ExploreWClass|WorkerW|Progman)</With>
</Condition><Condition>
<Negate>1</Negate>
<Type>IsRenaming</Type>
</Condition></Conditions>
<DeleteAfterUse>0</DeleteAfterUse>
<DisableAfterUse>0</DisableAfterUse>
<Enabled>1</Enabled>
<ID>244</ID>
<Name>Explorer: Open Fast Folders Slot 1</Name>
<OneInstance>0</OneInstance>
<Trigger>
<Key>Numpad1</Key>
<Type>Hotkey</Type>
</Trigger>
</Event><Event>
<Actions>
<Action>
<Slot>1</Slot>
<Type>FastFoldersRecall</Type>
</Action></Actions>
<Conditions>
<Condition>
<Negate>0</Negate>
<Type>IsDialog</Type>
</Condition><Condition>
<Negate>1</Negate>
<Type>IsRenaming</Type>
</Condition></Conditions>
<DeleteAfterUse>0</DeleteAfterUse>
<DisableAfterUse>0</DisableAfterUse>
<Enabled>1</Enabled>
<ID>245</ID>
<Name>Explorer / File Dialog: Open Fast Folders Slot 1</Name>
<OneInstance>0</OneInstance>
<Trigger>
<Key>Numpad1</Key>
<Type>Hotkey</Type>
</Trigger>
</Event><Event>
<Actions>
<Action>
<Slot>2</Slot>
<Type>FastFoldersRecall</Type>
</Action></Actions>
<Conditions>
<Condition>
<Compare>${Class}</Compare>
<Negate>0</Negate>
<Operator>matches regular expression</Operator>
<Type>If</Type>
<With>(CabinetWClass|ExploreWClass|WorkerW|Progman)</With>
</Condition><Condition>
<Negate>1</Negate>
<Type>IsRenaming</Type>
</Condition></Conditions>
<DeleteAfterUse>0</DeleteAfterUse>
<DisableAfterUse>0</DisableAfterUse>
<Enabled>1</Enabled>
<ID>246</ID>
<Name>Explorer: Open Fast Folders Slot 2</Name>
<OneInstance>0</OneInstance>
<Trigger>
<Key>Numpad2</Key>
<Type>Hotkey</Type>
</Trigger>
</Event><Event>
<Actions>
<Action>
<Slot>2</Slot>
<Type>FastFoldersRecall</Type>
</Action></Actions>
<Conditions>
<Condition>
<Negate>0</Negate>
<Type>IsDialog</Type>
</Condition><Condition>
<Negate>1</Negate>
<Type>IsRenaming</Type>
</Condition></Conditions>
<DeleteAfterUse>0</DeleteAfterUse>
<DisableAfterUse>0</DisableAfterUse>
<Enabled>1</Enabled>
<ID>247</ID>
<Name>Explorer / File Dialog: Open Fast Folders Slot 2</Name>
<OneInstance>0</OneInstance>
<Trigger>
<Key>Numpad2</Key>
<Type>Hotkey</Type>
</Trigger>
</Event><Event>
<Actions>
<Action>
<Slot>3</Slot>
<Type>FastFoldersRecall</Type>
</Action></Actions>
<Conditions>
<Condition>
<Compare>${Class}</Compare>
<Negate>0</Negate>
<Operator>matches regular expression</Operator>
<Type>If</Type>
<With>(CabinetWClass|ExploreWClass|WorkerW|Progman)</With>
</Condition><Condition>
<Negate>1</Negate>
<Type>IsRenaming</Type>
</Condition></Conditions>
<DeleteAfterUse>0</DeleteAfterUse>
<DisableAfterUse>0</DisableAfterUse>
<Enabled>1</Enabled>
<ID>248</ID>
<Name>Explorer: Open Fast Folders Slot 3</Name>
<OneInstance>0</OneInstance>
<Trigger>
<Key>Numpad3</Key>
<Type>Hotkey</Type>
</Trigger>
</Event><Event>
<Actions>
<Action>
<Slot>3</Slot>
<Type>FastFoldersRecall</Type>
</Action></Actions>
<Conditions>
<Condition>
<Negate>0</Negate>
<Type>IsDialog</Type>
</Condition><Condition>
<Negate>1</Negate>
<Type>IsRenaming</Type>
</Condition></Conditions>
<DeleteAfterUse>0</DeleteAfterUse>
<DisableAfterUse>0</DisableAfterUse>
<Enabled>1</Enabled>
<ID>249</ID>
<Name>Explorer / File Dialog: Open Fast Folders Slot 3</Name>
<OneInstance>0</OneInstance>
<Trigger>
<Key>Numpad3</Key>
<Type>Hotkey</Type>
</Trigger>
</Event><Event>
<Actions>
<Action>
<Slot>4</Slot>
<Type>FastFoldersRecall</Type>
</Action></Actions>
<Conditions>
<Condition>
<Compare>${Class}</Compare>
<Negate>0</Negate>
<Operator>matches regular expression</Operator>
<Type>If</Type>
<With>(CabinetWClass|ExploreWClass|WorkerW|Progman)</With>
</Condition><Condition>
<Negate>1</Negate>
<Type>IsRenaming</Type>
</Condition></Conditions>
<DeleteAfterUse>0</DeleteAfterUse>
<DisableAfterUse>0</DisableAfterUse>
<Enabled>1</Enabled>
<ID>250</ID>
<Name>Explorer: Open Fast Folders Slot 4</Name>
<OneInstance>0</OneInstance>
<Trigger>
<Key>Numpad4</Key>
<Type>Hotkey</Type>
</Trigger>
</Event><Event>
<Actions>
<Action>
<Slot>4</Slot>
<Type>FastFoldersRecall</Type>
</Action></Actions>
<Conditions>
<Condition>
<Negate>0</Negate>
<Type>IsDialog</Type>
</Condition><Condition>
<Negate>1</Negate>
<Type>IsRenaming</Type>
</Condition></Conditions>
<DeleteAfterUse>0</DeleteAfterUse>
<DisableAfterUse>0</DisableAfterUse>
<Enabled>1</Enabled>
<ID>251</ID>
<Name>Explorer / File Dialog: Open Fast Folders Slot 4</Name>
<OneInstance>0</OneInstance>
<Trigger>
<Key>Numpad4</Key>
<Type>Hotkey</Type>
</Trigger>
</Event><Event>
<Actions>
<Action>
<Slot>5</Slot>
<Type>FastFoldersRecall</Type>
</Action></Actions>
<Conditions>
<Condition>
<Compare>${Class}</Compare>
<Negate>0</Negate>
<Operator>matches regular expression</Operator>
<Type>If</Type>
<With>(CabinetWClass|ExploreWClass|WorkerW|Progman)</With>
</Condition><Condition>
<Negate>1</Negate>
<Type>IsRenaming</Type>
</Condition></Conditions>
<DeleteAfterUse>0</DeleteAfterUse>
<DisableAfterUse>0</DisableAfterUse>
<Enabled>1</Enabled>
<ID>252</ID>
<Name>Explorer: Open Fast Folders Slot 5</Name>
<OneInstance>0</OneInstance>
<Trigger>
<Key>Numpad5</Key>
<Type>Hotkey</Type>
</Trigger>
</Event><Event>
<Actions>
<Action>
<Slot>5</Slot>
<Type>FastFoldersRecall</Type>
</Action></Actions>
<Conditions>
<Condition>
<Negate>0</Negate>
<Type>IsDialog</Type>
</Condition><Condition>
<Negate>1</Negate>
<Type>IsRenaming</Type>
</Condition></Conditions>
<DeleteAfterUse>0</DeleteAfterUse>
<DisableAfterUse>0</DisableAfterUse>
<Enabled>1</Enabled>
<ID>253</ID>
<Name>Explorer / File Dialog: Open Fast Folders Slot 5</Name>
<OneInstance>0</OneInstance>
<Trigger>
<Key>Numpad5</Key>
<Type>Hotkey</Type>
</Trigger>
</Event><Event>
<Actions>
<Action>
<Slot>6</Slot>
<Type>FastFoldersRecall</Type>
</Action></Actions>
<Conditions>
<Condition>
<Compare>${Class}</Compare>
<Negate>0</Negate>
<Operator>matches regular expression</Operator>
<Type>If</Type>
<With>(CabinetWClass|ExploreWClass|WorkerW|Progman)</With>
</Condition><Condition>
<Negate>1</Negate>
<Type>IsRenaming</Type>
</Condition></Conditions>
<DeleteAfterUse>0</DeleteAfterUse>
<DisableAfterUse>0</DisableAfterUse>
<Enabled>1</Enabled>
<ID>254</ID>
<Name>Explorer: Open Fast Folders Slot 6</Name>
<OneInstance>0</OneInstance>
<Trigger>
<Key>Numpad6</Key>
<Type>Hotkey</Type>
</Trigger>
</Event><Event>
<Actions>
<Action>
<Slot>6</Slot>
<Type>FastFoldersRecall</Type>
</Action></Actions>
<Conditions>
<Condition>
<Negate>0</Negate>
<Type>IsDialog</Type>
</Condition><Condition>
<Negate>1</Negate>
<Type>IsRenaming</Type>
</Condition></Conditions>
<DeleteAfterUse>0</DeleteAfterUse>
<DisableAfterUse>0</DisableAfterUse>
<Enabled>1</Enabled>
<ID>255</ID>
<Name>Explorer / File Dialog: Open Fast Folders Slot 6</Name>
<OneInstance>0</OneInstance>
<Trigger>
<Key>Numpad6</Key>
<Type>Hotkey</Type>
</Trigger>
</Event><Event>
<Actions>
<Action>
<Slot>7</Slot>
<Type>FastFoldersRecall</Type>
</Action></Actions>
<Conditions>
<Condition>
<Compare>${Class}</Compare>
<Negate>0</Negate>
<Operator>matches regular expression</Operator>
<Type>If</Type>
<With>(CabinetWClass|ExploreWClass|WorkerW|Progman)</With>
</Condition><Condition>
<Negate>1</Negate>
<Type>IsRenaming</Type>
</Condition></Conditions>
<DeleteAfterUse>0</DeleteAfterUse>
<DisableAfterUse>0</DisableAfterUse>
<Enabled>1</Enabled>
<ID>256</ID>
<Name>Explorer: Open Fast Folders Slot 7</Name>
<OneInstance>0</OneInstance>
<Trigger>
<Key>Numpad7</Key>
<Type>Hotkey</Type>
</Trigger>
</Event><Event>
<Actions>
<Action>
<Slot>7</Slot>
<Type>FastFoldersRecall</Type>
</Action></Actions>
<Conditions>
<Condition>
<Negate>0</Negate>
<Type>IsDialog</Type>
</Condition><Condition>
<Negate>1</Negate>
<Type>IsRenaming</Type>
</Condition></Conditions>
<DeleteAfterUse>0</DeleteAfterUse>
<DisableAfterUse>0</DisableAfterUse>
<Enabled>1</Enabled>
<ID>257</ID>
<Name>Explorer / File Dialog: Open Fast Folders Slot 7</Name>
<OneInstance>0</OneInstance>
<Trigger>
<Key>Numpad7</Key>
<Type>Hotkey</Type>
</Trigger>
</Event><Event>
<Actions>
<Action>
<Slot>8</Slot>
<Type>FastFoldersRecall</Type>
</Action></Actions>
<Conditions>
<Condition>
<Compare>${Class}</Compare>
<Negate>0</Negate>
<Operator>matches regular expression</Operator>
<Type>If</Type>
<With>(CabinetWClass|ExploreWClass|WorkerW|Progman)</With>
</Condition><Condition>
<Negate>1</Negate>
<Type>IsRenaming</Type>
</Condition></Conditions>
<DeleteAfterUse>0</DeleteAfterUse>
<DisableAfterUse>0</DisableAfterUse>
<Enabled>1</Enabled>
<ID>258</ID>
<Name>Explorer: Open Fast Folders Slot 8</Name>
<OneInstance>0</OneInstance>
<Trigger>
<Key>Numpad8</Key>
<Type>Hotkey</Type>
</Trigger>
</Event><Event>
<Actions>
<Action>
<Slot>8</Slot>
<Type>FastFoldersRecall</Type>
</Action></Actions>
<Conditions>
<Condition>
<Negate>0</Negate>
<Type>IsDialog</Type>
</Condition><Condition>
<Negate>1</Negate>
<Type>IsRenaming</Type>
</Condition></Conditions>
<DeleteAfterUse>0</DeleteAfterUse>
<DisableAfterUse>0</DisableAfterUse>
<Enabled>1</Enabled>
<ID>259</ID>
<Name>Explorer / File Dialog: Open Fast Folders Slot 8</Name>
<OneInstance>0</OneInstance>
<Trigger>
<Key>Numpad8</Key>
<Type>Hotkey</Type>
</Trigger>
</Event><Event>
<Actions>
<Action>
<Slot>9</Slot>
<Type>FastFoldersRecall</Type>
</Action></Actions>
<Conditions>
<Condition>
<Compare>${Class}</Compare>
<Negate>0</Negate>
<Operator>matches regular expression</Operator>
<Type>If</Type>
<With>(CabinetWClass|ExploreWClass|WorkerW|Progman)</With>
</Condition><Condition>
<Negate>1</Negate>
<Type>IsRenaming</Type>
</Condition></Conditions>
<DeleteAfterUse>0</DeleteAfterUse>
<DisableAfterUse>0</DisableAfterUse>
<Enabled>1</Enabled>
<ID>260</ID>
<Name>Explorer: Open Fast Folders Slot 9</Name>
<OneInstance>0</OneInstance>
<Trigger>
<Key>Numpad9</Key>
<Type>Hotkey</Type>
</Trigger>
</Event><Event>
<Actions>
<Action>
<Slot>9</Slot>
<Type>FastFoldersRecall</Type>
</Action></Actions>
<Conditions>
<Condition>
<Negate>0</Negate>
<Type>IsDialog</Type>
</Condition><Condition>
<Negate>1</Negate>
<Type>IsRenaming</Type>
</Condition></Conditions>
<DeleteAfterUse>0</DeleteAfterUse>
<DisableAfterUse>0</DisableAfterUse>
<Enabled>1</Enabled>
<ID>261</ID>
<Name>Explorer / File Dialog: Open Fast Folders Slot 9</Name>
<OneInstance>0</OneInstance>
<Trigger>
<Key>Numpad9</Key>
<Type>Hotkey</Type>
</Trigger>
</Event><Event>
<Actions>
<Action>
<Folder></Folder>
<Slot>0</Slot>
<Type>FastFoldersStore</Type>
</Action></Actions>
<Conditions>
<Condition>
<Compare>${Class}</Compare>
<Negate>0</Negate>
<Operator>matches regular expression</Operator>
<Type>If</Type>
<With>(CabinetWClass|ExploreWClass|WorkerW|Progman)</With>
</Condition><Condition>
<Negate>1</Negate>
<Type>IsRenaming</Type>
</Condition></Conditions>
<DeleteAfterUse>0</DeleteAfterUse>
<DisableAfterUse>0</DisableAfterUse>
<Enabled>1</Enabled>
<ID>262</ID>
<Name>Explorer: Save Fast Folders Slot 0</Name>
<OneInstance>0</OneInstance>
<Trigger>
<Key>^Numpad0</Key>
<Type>Hotkey</Type>
</Trigger>
</Event><Event>
<Actions>
<Action>
<Folder></Folder>
<Slot>0</Slot>
<Type>FastFoldersStore</Type>
</Action></Actions>
<Conditions>
<Condition>
<Negate>0</Negate>
<Type>IsDialog</Type>
</Condition><Condition>
<Negate>1</Negate>
<Type>IsRenaming</Type>
</Condition></Conditions>
<DeleteAfterUse>0</DeleteAfterUse>
<DisableAfterUse>0</DisableAfterUse>
<Enabled>1</Enabled>
<ID>263</ID>
<Name>Explorer / File Dialog: Save Fast Folders Slot 0</Name>
<OneInstance>0</OneInstance>
<Trigger>
<Key>^Numpad0</Key>
<Type>Hotkey</Type>
</Trigger>
</Event><Event>
<Actions>
<Action>
<Folder></Folder>
<Slot>1</Slot>
<Type>FastFoldersStore</Type>
</Action></Actions>
<Conditions>
<Condition>
<Compare>${Class}</Compare>
<Negate>0</Negate>
<Operator>matches regular expression</Operator>
<Type>If</Type>
<With>(CabinetWClass|ExploreWClass|WorkerW|Progman)</With>
</Condition><Condition>
<Negate>1</Negate>
<Type>IsRenaming</Type>
</Condition></Conditions>
<DeleteAfterUse>0</DeleteAfterUse>
<DisableAfterUse>0</DisableAfterUse>
<Enabled>1</Enabled>
<ID>264</ID>
<Name>Explorer: Save Fast Folders Slot 1</Name>
<OneInstance>0</OneInstance>
<Trigger>
<Key>^Numpad1</Key>
<Type>Hotkey</Type>
</Trigger>
</Event><Event>
<Actions>
<Action>
<Folder></Folder>
<Slot>1</Slot>
<Type>FastFoldersStore</Type>
</Action></Actions>
<Conditions>
<Condition>
<Negate>0</Negate>
<Type>IsDialog</Type>
</Condition><Condition>
<Negate>1</Negate>
<Type>IsRenaming</Type>
</Condition></Conditions>
<DeleteAfterUse>0</DeleteAfterUse>
<DisableAfterUse>0</DisableAfterUse>
<Enabled>1</Enabled>
<ID>265</ID>
<Name>Explorer / File Dialog: Save Fast Folders Slot 1</Name>
<OneInstance>0</OneInstance>
<Trigger>
<Key>^Numpad1</Key>
<Type>Hotkey</Type>
</Trigger>
</Event><Event>
<Actions>
<Action>
<Folder></Folder>
<Slot>2</Slot>
<Type>FastFoldersStore</Type>
</Action></Actions>
<Conditions>
<Condition>
<Compare>${Class}</Compare>
<Negate>0</Negate>
<Operator>matches regular expression</Operator>
<Type>If</Type>
<With>(CabinetWClass|ExploreWClass|WorkerW|Progman)</With>
</Condition><Condition>
<Negate>1</Negate>
<Type>IsRenaming</Type>
</Condition></Conditions>
<DeleteAfterUse>0</DeleteAfterUse>
<DisableAfterUse>0</DisableAfterUse>
<Enabled>1</Enabled>
<ID>266</ID>
<Name>Explorer: Save Fast Folders Slot 2</Name>
<OneInstance>0</OneInstance>
<Trigger>
<Key>^Numpad2</Key>
<Type>Hotkey</Type>
</Trigger>
</Event><Event>
<Actions>
<Action>
<Folder></Folder>
<Slot>2</Slot>
<Type>FastFoldersStore</Type>
</Action></Actions>
<Conditions>
<Condition>
<Negate>0</Negate>
<Type>IsDialog</Type>
</Condition><Condition>
<Negate>1</Negate>
<Type>IsRenaming</Type>
</Condition></Conditions>
<DeleteAfterUse>0</DeleteAfterUse>
<DisableAfterUse>0</DisableAfterUse>
<Enabled>1</Enabled>
<ID>267</ID>
<Name>Explorer / File Dialog: Save Fast Folders Slot 2</Name>
<OneInstance>0</OneInstance>
<Trigger>
<Key>^Numpad2</Key>
<Type>Hotkey</Type>
</Trigger>
</Event><Event>
<Actions>
<Action>
<Folder></Folder>
<Slot>3</Slot>
<Type>FastFoldersStore</Type>
</Action></Actions>
<Conditions>
<Condition>
<Compare>${Class}</Compare>
<Negate>0</Negate>
<Operator>matches regular expression</Operator>
<Type>If</Type>
<With>(CabinetWClass|ExploreWClass|WorkerW|Progman)</With>
</Condition><Condition>
<Negate>1</Negate>
<Type>IsRenaming</Type>
</Condition></Conditions>
<DeleteAfterUse>0</DeleteAfterUse>
<DisableAfterUse>0</DisableAfterUse>
<Enabled>1</Enabled>
<ID>268</ID>
<Name>Explorer: Save Fast Folders Slot 3</Name>
<OneInstance>0</OneInstance>
<Trigger>
<Key>^Numpad3</Key>
<Type>Hotkey</Type>
</Trigger>
</Event><Event>
<Actions>
<Action>
<Folder></Folder>
<Slot>3</Slot>
<Type>FastFoldersStore</Type>
</Action></Actions>
<Conditions>
<Condition>
<Negate>0</Negate>
<Type>IsDialog</Type>
</Condition><Condition>
<Negate>1</Negate>
<Type>IsRenaming</Type>
</Condition></Conditions>
<DeleteAfterUse>0</DeleteAfterUse>
<DisableAfterUse>0</DisableAfterUse>
<Enabled>1</Enabled>
<ID>269</ID>
<Name>Explorer / File Dialog: Save Fast Folders Slot 3</Name>
<OneInstance>0</OneInstance>
<Trigger>
<Key>^Numpad3</Key>
<Type>Hotkey</Type>
</Trigger>
</Event><Event>
<Actions>
<Action>
<Folder></Folder>
<Slot>4</Slot>
<Type>FastFoldersStore</Type>
</Action></Actions>
<Conditions>
<Condition>
<Compare>${Class}</Compare>
<Negate>0</Negate>
<Operator>matches regular expression</Operator>
<Type>If</Type>
<With>(CabinetWClass|ExploreWClass|WorkerW|Progman)</With>
</Condition><Condition>
<Negate>1</Negate>
<Type>IsRenaming</Type>
</Condition></Conditions>
<DeleteAfterUse>0</DeleteAfterUse>
<DisableAfterUse>0</DisableAfterUse>
<Enabled>1</Enabled>
<ID>270</ID>
<Name>Explorer: Save Fast Folders Slot 4</Name>
<OneInstance>0</OneInstance>
<Trigger>
<Key>^Numpad4</Key>
<Type>Hotkey</Type>
</Trigger>
</Event><Event>
<Actions>
<Action>
<Folder></Folder>
<Slot>4</Slot>
<Type>FastFoldersStore</Type>
</Action></Actions>
<Conditions>
<Condition>
<Negate>0</Negate>
<Type>IsDialog</Type>
</Condition><Condition>
<Negate>1</Negate>
<Type>IsRenaming</Type>
</Condition></Conditions>
<DeleteAfterUse>0</DeleteAfterUse>
<DisableAfterUse>0</DisableAfterUse>
<Enabled>1</Enabled>
<ID>271</ID>
<Name>Explorer / File Dialog: Save Fast Folders Slot 4</Name>
<OneInstance>0</OneInstance>
<Trigger>
<Key>^Numpad4</Key>
<Type>Hotkey</Type>
</Trigger>
</Event><Event>
<Actions>
<Action>
<Folder></Folder>
<Slot>5</Slot>
<Type>FastFoldersStore</Type>
</Action></Actions>
<Conditions>
<Condition>
<Compare>${Class}</Compare>
<Negate>0</Negate>
<Operator>matches regular expression</Operator>
<Type>If</Type>
<With>(CabinetWClass|ExploreWClass|WorkerW|Progman)</With>
</Condition><Condition>
<Negate>1</Negate>
<Type>IsRenaming</Type>
</Condition></Conditions>
<DeleteAfterUse>0</DeleteAfterUse>
<DisableAfterUse>0</DisableAfterUse>
<Enabled>1</Enabled>
<ID>272</ID>
<Name>Explorer: Save Fast Folders Slot 5</Name>
<OneInstance>0</OneInstance>
<Trigger>
<Key>^Numpad5</Key>
<Type>Hotkey</Type>
</Trigger>
</Event><Event>
<Actions>
<Action>
<Folder></Folder>
<Slot>5</Slot>
<Type>FastFoldersStore</Type>
</Action></Actions>
<Conditions>
<Condition>
<Negate>0</Negate>
<Type>IsDialog</Type>
</Condition><Condition>
<Negate>1</Negate>
<Type>IsRenaming</Type>
</Condition></Conditions>
<DeleteAfterUse>0</DeleteAfterUse>
<DisableAfterUse>0</DisableAfterUse>
<Enabled>1</Enabled>
<ID>273</ID>
<Name>Explorer / File Dialog: Save Fast Folders Slot 5</Name>
<OneInstance>0</OneInstance>
<Trigger>
<Key>^Numpad5</Key>
<Type>Hotkey</Type>
</Trigger>
</Event><Event>
<Actions>
<Action>
<Folder></Folder>
<Slot>6</Slot>
<Type>FastFoldersStore</Type>
</Action></Actions>
<Conditions>
<Condition>
<Compare>${Class}</Compare>
<Negate>0</Negate>
<Operator>matches regular expression</Operator>
<Type>If</Type>
<With>(CabinetWClass|ExploreWClass|WorkerW|Progman)</With>
</Condition><Condition>
<Negate>1</Negate>
<Type>IsRenaming</Type>
</Condition></Conditions>
<DeleteAfterUse>0</DeleteAfterUse>
<DisableAfterUse>0</DisableAfterUse>
<Enabled>1</Enabled>
<ID>274</ID>
<Name>Explorer: Save Fast Folders Slot 6</Name>
<OneInstance>0</OneInstance>
<Trigger>
<Key>^Numpad6</Key>
<Type>Hotkey</Type>
</Trigger>
</Event><Event>
<Actions>
<Action>
<Folder></Folder>
<Slot>6</Slot>
<Type>FastFoldersStore</Type>
</Action></Actions>
<Conditions>
<Condition>
<Negate>0</Negate>
<Type>IsDialog</Type>
</Condition><Condition>
<Negate>1</Negate>
<Type>IsRenaming</Type>
</Condition></Conditions>
<DeleteAfterUse>0</DeleteAfterUse>
<DisableAfterUse>0</DisableAfterUse>
<Enabled>1</Enabled>
<ID>275</ID>
<Name>Explorer / File Dialog: Save Fast Folders Slot 6</Name>
<OneInstance>0</OneInstance>
<Trigger>
<Key>^Numpad6</Key>
<Type>Hotkey</Type>
</Trigger>
</Event><Event>
<Actions>
<Action>
<Folder></Folder>
<Slot>7</Slot>
<Type>FastFoldersStore</Type>
</Action></Actions>
<Conditions>
<Condition>
<Compare>${Class}</Compare>
<Negate>0</Negate>
<Operator>matches regular expression</Operator>
<Type>If</Type>
<With>(CabinetWClass|ExploreWClass|WorkerW|Progman)</With>
</Condition><Condition>
<Negate>1</Negate>
<Type>IsRenaming</Type>
</Condition></Conditions>
<DeleteAfterUse>0</DeleteAfterUse>
<DisableAfterUse>0</DisableAfterUse>
<Enabled>1</Enabled>
<ID>276</ID>
<Name>Explorer: Save Fast Folders Slot 7</Name>
<OneInstance>0</OneInstance>
<Trigger>
<Key>^Numpad7</Key>
<Type>Hotkey</Type>
</Trigger>
</Event><Event>
<Actions>
<Action>
<Folder></Folder>
<Slot>7</Slot>
<Type>FastFoldersStore</Type>
</Action></Actions>
<Conditions>
<Condition>
<Negate>0</Negate>
<Type>IsDialog</Type>
</Condition><Condition>
<Negate>1</Negate>
<Type>IsRenaming</Type>
</Condition></Conditions>
<DeleteAfterUse>0</DeleteAfterUse>
<DisableAfterUse>0</DisableAfterUse>
<Enabled>1</Enabled>
<ID>277</ID>
<Name>Explorer / File Dialog: Save Fast Folders Slot 7</Name>
<OneInstance>0</OneInstance>
<Trigger>
<Key>^Numpad7</Key>
<Type>Hotkey</Type>
</Trigger>
</Event><Event>
<Actions>
<Action>
<Folder></Folder>
<Slot>8</Slot>
<Type>FastFoldersStore</Type>
</Action></Actions>
<Conditions>
<Condition>
<Compare>${Class}</Compare>
<Negate>0</Negate>
<Operator>matches regular expression</Operator>
<Type>If</Type>
<With>(CabinetWClass|ExploreWClass|WorkerW|Progman)</With>
</Condition><Condition>
<Negate>1</Negate>
<Type>IsRenaming</Type>
</Condition></Conditions>
<DeleteAfterUse>0</DeleteAfterUse>
<DisableAfterUse>0</DisableAfterUse>
<Enabled>1</Enabled>
<ID>278</ID>
<Name>Explorer: Save Fast Folders Slot 8</Name>
<OneInstance>0</OneInstance>
<Trigger>
<Key>^Numpad8</Key>
<Type>Hotkey</Type>
</Trigger>
</Event><Event>
<Actions>
<Action>
<Folder></Folder>
<Slot>8</Slot>
<Type>FastFoldersStore</Type>
</Action></Actions>
<Conditions>
<Condition>
<Negate>0</Negate>
<Type>IsDialog</Type>
</Condition><Condition>
<Negate>1</Negate>
<Type>IsRenaming</Type>
</Condition></Conditions>
<DeleteAfterUse>0</DeleteAfterUse>
<DisableAfterUse>0</DisableAfterUse>
<Enabled>1</Enabled>
<ID>279</ID>
<Name>Explorer / File Dialog: Save Fast Folders Slot 8</Name>
<OneInstance>0</OneInstance>
<Trigger>
<Key>^Numpad8</Key>
<Type>Hotkey</Type>
</Trigger>
</Event><Event>
<Actions>
<Action>
<Folder></Folder>
<Slot>9</Slot>
<Type>FastFoldersStore</Type>
</Action></Actions>
<Conditions>
<Condition>
<Compare>${Class}</Compare>
<Negate>0</Negate>
<Operator>matches regular expression</Operator>
<Type>If</Type>
<With>(CabinetWClass|ExploreWClass|WorkerW|Progman)</With>
</Condition><Condition>
<Negate>1</Negate>
<Type>IsRenaming</Type>
</Condition></Conditions>
<DeleteAfterUse>0</DeleteAfterUse>
<DisableAfterUse>0</DisableAfterUse>
<Enabled>1</Enabled>
<ID>280</ID>
<Name>Explorer: Save Fast Folders Slot 9</Name>
<OneInstance>0</OneInstance>
<Trigger>
<Key>^Numpad9</Key>
<Type>Hotkey</Type>
</Trigger>
</Event><Event>
<Actions>
<Action>
<Folder></Folder>
<Slot>9</Slot>
<Type>FastFoldersStore</Type>
</Action></Actions>
<Conditions>
<Condition>
<Negate>0</Negate>
<Type>IsDialog</Type>
</Condition><Condition>
<Negate>1</Negate>
<Type>IsRenaming</Type>
</Condition></Conditions>
<DeleteAfterUse>0</DeleteAfterUse>
<DisableAfterUse>0</DisableAfterUse>
<Enabled>1</Enabled>
<ID>281</ID>
<Name>Explorer / File Dialog: Save Fast Folders Slot 9</Name>
<OneInstance>0</OneInstance>
<Trigger>
<Key>^Numpad9</Key>
<Type>Hotkey</Type>
</Trigger>
</Event><Event>
<Actions>
<Action>
<Slot>0</Slot>
<Type>FastFoldersClear</Type>
</Action></Actions>
<Conditions>
<Condition>
<Compare>${Class}</Compare>
<Negate>0</Negate>
<Operator>matches regular expression</Operator>
<Type>If</Type>
<With>(CabinetWClass|ExploreWClass|)</With>
</Condition><Condition>
<Compare>${Control}</Compare>
<Negate>1</Negate>
<Operator>starts with</Operator>
<Type>If</Type>
<With>Edit</With>
</Condition></Conditions>
<DeleteAfterUse>0</DeleteAfterUse>
<DisableAfterUse>0</DisableAfterUse>
<Enabled>1</Enabled>
<ID>282</ID>
<Name>Explorer: Clear Fast Folders Slot 0</Name>
<OneInstance>0</OneInstance>
<Trigger>
<Key>!Numpad0</Key>
<Type>Hotkey</Type>
</Trigger>
</Event><Event>
<Actions>
<Action>
<Slot>0</Slot>
<Type>FastFoldersClear</Type>
</Action></Actions>
<Conditions>
<Condition>
<Negate>0</Negate>
<Type>IsDialog</Type>
</Condition><Condition>
<Compare>${Control}</Compare>
<Negate>1</Negate>
<Operator>starts with</Operator>
<Type>If</Type>
<With>Edit</With>
</Condition></Conditions>
<DeleteAfterUse>0</DeleteAfterUse>
<DisableAfterUse>0</DisableAfterUse>
<Enabled>1</Enabled>
<ID>283</ID>
<Name>Explorer / File Dialog: Clear Fast Folders Slot 0</Name>
<OneInstance>0</OneInstance>
<Trigger>
<Key>!Numpad0</Key>
<Type>Hotkey</Type>
</Trigger>
</Event><Event>
<Actions>
<Action>
<Slot>1</Slot>
<Type>FastFoldersClear</Type>
</Action></Actions>
<Conditions>
<Condition>
<Compare>${Class}</Compare>
<Negate>0</Negate>
<Operator>matches regular expression</Operator>
<Type>If</Type>
<With>(CabinetWClass|ExploreWClass|)</With>
</Condition><Condition>
<Compare>${Control}</Compare>
<Negate>1</Negate>
<Operator>starts with</Operator>
<Type>If</Type>
<With>Edit</With>
</Condition></Conditions>
<DeleteAfterUse>0</DeleteAfterUse>
<DisableAfterUse>0</DisableAfterUse>
<Enabled>1</Enabled>
<ID>284</ID>
<Name>Explorer: Clear Fast Folders Slot 1</Name>
<OneInstance>0</OneInstance>
<Trigger>
<Key>!Numpad1</Key>
<Type>Hotkey</Type>
</Trigger>
</Event><Event>
<Actions>
<Action>
<Slot>1</Slot>
<Type>FastFoldersClear</Type>
</Action></Actions>
<Conditions>
<Condition>
<Negate>0</Negate>
<Type>IsDialog</Type>
</Condition><Condition>
<Compare>${Control}</Compare>
<Negate>1</Negate>
<Operator>starts with</Operator>
<Type>If</Type>
<With>Edit</With>
</Condition></Conditions>
<DeleteAfterUse>0</DeleteAfterUse>
<DisableAfterUse>0</DisableAfterUse>
<Enabled>1</Enabled>
<ID>285</ID>
<Name>Explorer / File Dialog: Clear Fast Folders Slot 1</Name>
<OneInstance>0</OneInstance>
<Trigger>
<Key>!Numpad1</Key>
<Type>Hotkey</Type>
</Trigger>
</Event><Event>
<Actions>
<Action>
<Slot>2</Slot>
<Type>FastFoldersClear</Type>
</Action></Actions>
<Conditions>
<Condition>
<Compare>${Class}</Compare>
<Negate>0</Negate>
<Operator>matches regular expression</Operator>
<Type>If</Type>
<With>(CabinetWClass|ExploreWClass|)</With>
</Condition><Condition>
<Compare>${Control}</Compare>
<Negate>1</Negate>
<Operator>starts with</Operator>
<Type>If</Type>
<With>Edit</With>
</Condition></Conditions>
<DeleteAfterUse>0</DeleteAfterUse>
<DisableAfterUse>0</DisableAfterUse>
<Enabled>1</Enabled>
<ID>286</ID>
<Name>Explorer: Clear Fast Folders Slot 2</Name>
<OneInstance>0</OneInstance>
<Trigger>
<Key>!Numpad2</Key>
<Type>Hotkey</Type>
</Trigger>
</Event><Event>
<Actions>
<Action>
<Slot>2</Slot>
<Type>FastFoldersClear</Type>
</Action></Actions>
<Conditions>
<Condition>
<Negate>0</Negate>
<Type>IsDialog</Type>
</Condition><Condition>
<Compare>${Control}</Compare>
<Negate>1</Negate>
<Operator>starts with</Operator>
<Type>If</Type>
<With>Edit</With>
</Condition></Conditions>
<DeleteAfterUse>0</DeleteAfterUse>
<DisableAfterUse>0</DisableAfterUse>
<Enabled>1</Enabled>
<ID>287</ID>
<Name>Explorer / File Dialog: Clear Fast Folders Slot 2</Name>
<OneInstance>0</OneInstance>
<Trigger>
<Key>!Numpad2</Key>
<Type>Hotkey</Type>
</Trigger>
</Event><Event>
<Actions>
<Action>
<Slot>3</Slot>
<Type>FastFoldersClear</Type>
</Action></Actions>
<Conditions>
<Condition>
<Compare>${Class}</Compare>
<Negate>0</Negate>
<Operator>matches regular expression</Operator>
<Type>If</Type>
<With>(CabinetWClass|ExploreWClass|)</With>
</Condition><Condition>
<Compare>${Control}</Compare>
<Negate>1</Negate>
<Operator>starts with</Operator>
<Type>If</Type>
<With>Edit</With>
</Condition></Conditions>
<DeleteAfterUse>0</DeleteAfterUse>
<DisableAfterUse>0</DisableAfterUse>
<Enabled>1</Enabled>
<ID>288</ID>
<Name>Explorer: Clear Fast Folders Slot 3</Name>
<OneInstance>0</OneInstance>
<Trigger>
<Key>!Numpad3</Key>
<Type>Hotkey</Type>
</Trigger>
</Event><Event>
<Actions>
<Action>
<Slot>3</Slot>
<Type>FastFoldersClear</Type>
</Action></Actions>
<Conditions>
<Condition>
<Negate>0</Negate>
<Type>IsDialog</Type>
</Condition><Condition>
<Compare>${Control}</Compare>
<Negate>1</Negate>
<Operator>starts with</Operator>
<Type>If</Type>
<With>Edit</With>
</Condition></Conditions>
<DeleteAfterUse>0</DeleteAfterUse>
<DisableAfterUse>0</DisableAfterUse>
<Enabled>1</Enabled>
<ID>289</ID>
<Name>Explorer / File Dialog: Clear Fast Folders Slot 3</Name>
<OneInstance>0</OneInstance>
<Trigger>
<Key>!Numpad3</Key>
<Type>Hotkey</Type>
</Trigger>
</Event><Event>
<Actions>
<Action>
<Slot>4</Slot>
<Type>FastFoldersClear</Type>
</Action></Actions>
<Conditions>
<Condition>
<Compare>${Class}</Compare>
<Negate>0</Negate>
<Operator>matches regular expression</Operator>
<Type>If</Type>
<With>(CabinetWClass|ExploreWClass|)</With>
</Condition><Condition>
<Compare>${Control}</Compare>
<Negate>1</Negate>
<Operator>starts with</Operator>
<Type>If</Type>
<With>Edit</With>
</Condition></Conditions>
<DeleteAfterUse>0</DeleteAfterUse>
<DisableAfterUse>0</DisableAfterUse>
<Enabled>1</Enabled>
<ID>290</ID>
<Name>Explorer: Clear Fast Folders Slot 4</Name>
<OneInstance>0</OneInstance>
<Trigger>
<Key>!Numpad4</Key>
<Type>Hotkey</Type>
</Trigger>
</Event><Event>
<Actions>
<Action>
<Slot>4</Slot>
<Type>FastFoldersClear</Type>
</Action></Actions>
<Conditions>
<Condition>
<Negate>0</Negate>
<Type>IsDialog</Type>
</Condition><Condition>
<Compare>${Control}</Compare>
<Negate>1</Negate>
<Operator>starts with</Operator>
<Type>If</Type>
<With>Edit</With>
</Condition></Conditions>
<DeleteAfterUse>0</DeleteAfterUse>
<DisableAfterUse>0</DisableAfterUse>
<Enabled>1</Enabled>
<ID>291</ID>
<Name>Explorer / File Dialog: Clear Fast Folders Slot 4</Name>
<OneInstance>0</OneInstance>
<Trigger>
<Key>!Numpad4</Key>
<Type>Hotkey</Type>
</Trigger>
</Event><Event>
<Actions>
<Action>
<Slot>5</Slot>
<Type>FastFoldersClear</Type>
</Action></Actions>
<Conditions>
<Condition>
<Compare>${Class}</Compare>
<Negate>0</Negate>
<Operator>matches regular expression</Operator>
<Type>If</Type>
<With>(CabinetWClass|ExploreWClass|)</With>
</Condition><Condition>
<Compare>${Control}</Compare>
<Negate>1</Negate>
<Operator>starts with</Operator>
<Type>If</Type>
<With>Edit</With>
</Condition></Conditions>
<DeleteAfterUse>0</DeleteAfterUse>
<DisableAfterUse>0</DisableAfterUse>
<Enabled>1</Enabled>
<ID>292</ID>
<Name>Explorer: Clear Fast Folders Slot 5</Name>
<OneInstance>0</OneInstance>
<Trigger>
<Key>!Numpad5</Key>
<Type>Hotkey</Type>
</Trigger>
</Event><Event>
<Actions>
<Action>
<Slot>5</Slot>
<Type>FastFoldersClear</Type>
</Action></Actions>
<Conditions>
<Condition>
<Negate>0</Negate>
<Type>IsDialog</Type>
</Condition><Condition>
<Compare>${Control}</Compare>
<Negate>1</Negate>
<Operator>starts with</Operator>
<Type>If</Type>
<With>Edit</With>
</Condition></Conditions>
<DeleteAfterUse>0</DeleteAfterUse>
<DisableAfterUse>0</DisableAfterUse>
<Enabled>1</Enabled>
<ID>293</ID>
<Name>Explorer / File Dialog: Clear Fast Folders Slot 5</Name>
<OneInstance>0</OneInstance>
<Trigger>
<Key>!Numpad5</Key>
<Type>Hotkey</Type>
</Trigger>
</Event><Event>
<Actions>
<Action>
<Slot>6</Slot>
<Type>FastFoldersClear</Type>
</Action></Actions>
<Conditions>
<Condition>
<Compare>${Class}</Compare>
<Negate>0</Negate>
<Operator>matches regular expression</Operator>
<Type>If</Type>
<With>(CabinetWClass|ExploreWClass|)</With>
</Condition><Condition>
<Compare>${Control}</Compare>
<Negate>1</Negate>
<Operator>starts with</Operator>
<Type>If</Type>
<With>Edit</With>
</Condition></Conditions>
<DeleteAfterUse>0</DeleteAfterUse>
<DisableAfterUse>0</DisableAfterUse>
<Enabled>1</Enabled>
<ID>294</ID>
<Name>Explorer: Clear Fast Folders Slot 6</Name>
<OneInstance>0</OneInstance>
<Trigger>
<Key>!Numpad6</Key>
<Type>Hotkey</Type>
</Trigger>
</Event><Event>
<Actions>
<Action>
<Slot>6</Slot>
<Type>FastFoldersClear</Type>
</Action></Actions>
<Conditions>
<Condition>
<Negate>0</Negate>
<Type>IsDialog</Type>
</Condition><Condition>
<Compare>${Control}</Compare>
<Negate>1</Negate>
<Operator>starts with</Operator>
<Type>If</Type>
<With>Edit</With>
</Condition></Conditions>
<DeleteAfterUse>0</DeleteAfterUse>
<DisableAfterUse>0</DisableAfterUse>
<Enabled>1</Enabled>
<ID>295</ID>
<Name>Explorer / File Dialog: Clear Fast Folders Slot 6</Name>
<OneInstance>0</OneInstance>
<Trigger>
<Key>!Numpad6</Key>
<Type>Hotkey</Type>
</Trigger>
</Event><Event>
<Actions>
<Action>
<Slot>7</Slot>
<Type>FastFoldersClear</Type>
</Action></Actions>
<Conditions>
<Condition>
<Compare>${Class}</Compare>
<Negate>0</Negate>
<Operator>matches regular expression</Operator>
<Type>If</Type>
<With>(CabinetWClass|ExploreWClass|)</With>
</Condition><Condition>
<Compare>${Control}</Compare>
<Negate>1</Negate>
<Operator>starts with</Operator>
<Type>If</Type>
<With>Edit</With>
</Condition></Conditions>
<DeleteAfterUse>0</DeleteAfterUse>
<DisableAfterUse>0</DisableAfterUse>
<Enabled>1</Enabled>
<ID>296</ID>
<Name>Explorer: Clear Fast Folders Slot 7</Name>
<OneInstance>0</OneInstance>
<Trigger>
<Key>!Numpad7</Key>
<Type>Hotkey</Type>
</Trigger>
</Event><Event>
<Actions>
<Action>
<Slot>7</Slot>
<Type>FastFoldersClear</Type>
</Action></Actions>
<Conditions>
<Condition>
<Negate>0</Negate>
<Type>IsDialog</Type>
</Condition><Condition>
<Compare>${Control}</Compare>
<Negate>1</Negate>
<Operator>starts with</Operator>
<Type>If</Type>
<With>Edit</With>
</Condition></Conditions>
<DeleteAfterUse>0</DeleteAfterUse>
<DisableAfterUse>0</DisableAfterUse>
<Enabled>1</Enabled>
<ID>297</ID>
<Name>Explorer / File Dialog: Clear Fast Folders Slot 7</Name>
<OneInstance>0</OneInstance>
<Trigger>
<Key>!Numpad7</Key>
<Type>Hotkey</Type>
</Trigger>
</Event><Event>
<Actions>
<Action>
<Slot>8</Slot>
<Type>FastFoldersClear</Type>
</Action></Actions>
<Conditions>
<Condition>
<Compare>${Class}</Compare>
<Negate>0</Negate>
<Operator>matches regular expression</Operator>
<Type>If</Type>
<With>(CabinetWClass|ExploreWClass|)</With>
</Condition><Condition>
<Compare>${Control}</Compare>
<Negate>1</Negate>
<Operator>starts with</Operator>
<Type>If</Type>
<With>Edit</With>
</Condition></Conditions>
<DeleteAfterUse>0</DeleteAfterUse>
<DisableAfterUse>0</DisableAfterUse>
<Enabled>1</Enabled>
<ID>298</ID>
<Name>Explorer: Clear Fast Folders Slot 8</Name>
<OneInstance>0</OneInstance>
<Trigger>
<Key>!Numpad8</Key>
<Type>Hotkey</Type>
</Trigger>
</Event><Event>
<Actions>
<Action>
<Slot>8</Slot>
<Type>FastFoldersClear</Type>
</Action></Actions>
<Conditions>
<Condition>
<Negate>0</Negate>
<Type>IsDialog</Type>
</Condition><Condition>
<Compare>${Control}</Compare>
<Negate>1</Negate>
<Operator>starts with</Operator>
<Type>If</Type>
<With>Edit</With>
</Condition></Conditions>
<DeleteAfterUse>0</DeleteAfterUse>
<DisableAfterUse>0</DisableAfterUse>
<Enabled>1</Enabled>
<ID>299</ID>
<Name>Explorer / File Dialog: Clear Fast Folders Slot 8</Name>
<OneInstance>0</OneInstance>
<Trigger>
<Key>!Numpad8</Key>
<Type>Hotkey</Type>
</Trigger>
</Event><Event>
<Actions>
<Action>
<Slot>9</Slot>
<Type>FastFoldersClear</Type>
</Action></Actions>
<Conditions>
<Condition>
<Compare>${Class}</Compare>
<Negate>0</Negate>
<Operator>matches regular expression</Operator>
<Type>If</Type>
<With>(CabinetWClass|ExploreWClass|)</With>
</Condition><Condition>
<Compare>${Control}</Compare>
<Negate>1</Negate>
<Operator>starts with</Operator>
<Type>If</Type>
<With>Edit</With>
</Condition></Conditions>
<DeleteAfterUse>0</DeleteAfterUse>
<DisableAfterUse>0</DisableAfterUse>
<Enabled>1</Enabled>
<ID>300</ID>
<Name>Explorer: Clear Fast Folders Slot 9</Name>
<OneInstance>0</OneInstance>
<Trigger>
<Key>!Numpad9</Key>
<Type>Hotkey</Type>
</Trigger>
</Event><Event>
<Actions>
<Action>
<Slot>9</Slot>
<Type>FastFoldersClear</Type>
</Action></Actions>
<Conditions>
<Condition>
<Negate>0</Negate>
<Type>IsDialog</Type>
</Condition><Condition>
<Compare>${Control}</Compare>
<Negate>1</Negate>
<Operator>starts with</Operator>
<Type>If</Type>
<With>Edit</With>
</Condition></Conditions>
<DeleteAfterUse>0</DeleteAfterUse>
<DisableAfterUse>0</DisableAfterUse>
<Enabled>1</Enabled>
<ID>301</ID>
<Name>Explorer / File Dialog: Clear Fast Folders Slot 9</Name>
<OneInstance>0</OneInstance>
<Trigger>
<Key>!Numpad9</Key>
<Type>Hotkey</Type>
</Trigger>
</Event><Event>
<Actions>
<Action>
<Action>Set volume</Action>
<Type>Volume</Type>
<Volume>+10</Volume>
</Action></Actions>
<Conditions>
<Condition>
<MouseOverType>Window</MouseOverType>
<Negate>0</Negate>
<Type>MouseOver</Type>
<WindowFilter>Shell_TrayWnd</WindowFilter>
<WindowMatchType>Class</WindowMatchType>
</Condition></Conditions>
<DeleteAfterUse>0</DeleteAfterUse>
<DisableAfterUse>0</DisableAfterUse>
<Enabled>1</Enabled>
<ID>302</ID>
<Name>Over taskbar: Increase volume</Name>
<OneInstance>0</OneInstance>
<Trigger>
<Key>WheelUp</Key>
<Type>Hotkey</Type>
</Trigger>
</Event><Event>
<Actions>
<Action>
<Action>Set volume</Action>
<Type>Volume</Type>
<Volume>-10</Volume>
</Action></Actions>
<Conditions>
<Condition>
<MouseOverType>Window</MouseOverType>
<Negate>0</Negate>
<Type>MouseOver</Type>
<WindowFilter>Shell_TrayWnd</WindowFilter>
<WindowMatchType>Class</WindowMatchType>
</Condition></Conditions>
<DeleteAfterUse>0</DeleteAfterUse>
<DisableAfterUse>0</DisableAfterUse>
<Enabled>1</Enabled>
<ID>303</ID>
<Name>Over taskbar: Decrease volume</Name>
<OneInstance>0</OneInstance>
<Trigger>
<Key>WheelDown</Key>
<Type>Hotkey</Type>
</Trigger>
</Event><Event>
<Actions>
<Action>
<Action>Keep list entries from</Action>
<ExitOnEmptyList>1</ExitOnEmptyList>
<Filter>(.*\.jpg|.*\.bmp|.*\.png|.*\.gif)</Filter>
<List>${SelNQ}</List>
<Operator>that match regular expression</Operator>
<Separator></Separator>
<Type>FilterList</Type>
</Action><Action>
<Command>"C:\Program Files\Paint.NET\PaintDotNet.exe" ${SelNQ}</Command>
<Type>Run</Type>
<WaitForFinish>0</WaitForFinish>
<WorkingDirectory></WorkingDirectory>
</Action></Actions>
<Conditions>
<Condition>
<Compare>${Class}</Compare>
<Negate>0</Negate>
<Operator>matches regular expression</Operator>
<Type>If</Type>
<With>(CabinetWClass|ExploreWClass|WorkerW|Progman)</With>
</Condition></Conditions>
<DeleteAfterUse>0</DeleteAfterUse>
<DisableAfterUse>0</DisableAfterUse>
<Enabled>1</Enabled>
<ID>304</ID>
<Name>Explorer: Open image files in image editor</Name>
<OneInstance>0</OneInstance>
<Trigger>
<Key>F3</Key>
<Type>Hotkey</Type>
</Trigger>
</Event><Event>
<Actions>
<Action>
<Action>Remove list entries from</Action>
<ExitOnEmptyList>1</ExitOnEmptyList>
<Filter>(.*\.jpg|.*\.bmp|.*\.png|.*\.gif)</Filter>
<List>${SelNQ}</List>
<Operator>that match regular expression</Operator>
<Separator>`n</Separator>
<Type>FilterList</Type>
</Action><Action>
<Command>"C:\Program Files\Notepad++\notepad++.exe" ${SelNQ}</Command>
<Type>Run</Type>
<WaitForFinish>0</WaitForFinish>
<WorkingDirectory></WorkingDirectory>
</Action></Actions>
<Conditions>
<Condition>
<Compare>${Class}</Compare>
<Negate>0</Negate>
<Operator>matches regular expression</Operator>
<Type>If</Type>
<With>(CabinetWClass|ExploreWClass|WorkerW|Progman)</With>
</Condition></Conditions>
<DeleteAfterUse>0</DeleteAfterUse>
<DisableAfterUse>0</DisableAfterUse>
<Enabled>1</Enabled>
<ID>305</ID>
<Name>Explorer: Open non-image files in text editor</Name>
<OneInstance>0</OneInstance>
<Trigger>
<Key>F3</Key>
<Type>Hotkey</Type>
</Trigger>
</Event><Event>
<Actions>
<Action>
<Action>Keep list entries from</Action>
<ExitOnEmptyList>1</ExitOnEmptyList>
<Filter>(.*\.jpg|.*\.bmp|.*\.png|.*\.gif)</Filter>
<List>${SelNQ}</List>
<Operator>that match regular expression</Operator>
<Separator></Separator>
<Type>FilterList</Type>
</Action><Action>
<Command>"C:\Program Files\Paint.NET\PaintDotNet.exe" ${SelNQ}</Command>
<Type>Run</Type>
<WaitForFinish>0</WaitForFinish>
<WorkingDirectory></WorkingDirectory>
</Action></Actions>
<Conditions>
<Condition>
<Negate>0</Negate>
<Type>IsDialog</Type>
</Condition></Conditions>
<DeleteAfterUse>0</DeleteAfterUse>
<DisableAfterUse>0</DisableAfterUse>
<Enabled>1</Enabled>
<ID>306</ID>
<Name>File Dialog: Open image files in image editor</Name>
<OneInstance>0</OneInstance>
<Trigger>
<Key>F3</Key>
<Type>Hotkey</Type>
</Trigger>
</Event><Event>
<Actions>
<Action>
<Action>Remove list entries from</Action>
<ExitOnEmptyList>1</ExitOnEmptyList>
<Filter>(.*\.jpg|.*\.bmp|.*\.png|.*\.gif)</Filter>
<List>${SelNQ}</List>
<Operator>that match regular expression</Operator>
<Separator>`n</Separator>
<Type>FilterList</Type>
</Action><Action>
<Command>"C:\Program Files\Notepad++\notepad++.exe" ${SelNQ}</Command>
<Type>Run</Type>
<WaitForFinish>0</WaitForFinish>
<WorkingDirectory></WorkingDirectory>
</Action></Actions>
<Conditions>
<Condition>
<Negate>0</Negate>
<Type>IsDialog</Type>
</Condition></Conditions>
<DeleteAfterUse>0</DeleteAfterUse>
<DisableAfterUse>0</DisableAfterUse>
<Enabled>1</Enabled>
<ID>307</ID>
<Name>File Dialog: Open non-image files in text editor</Name>
<OneInstance>0</OneInstance>
<Trigger>
<Key>F3</Key>
<Type>Hotkey</Type>
</Trigger>
</Event><Event>
<Actions>
<Action>
<Cancel>1</Cancel>
<Text>Filter Text</Text>
<Title>Select Files</Title>
<Type>Input</Type>
</Action><Action>
<Clear>1</Clear>
<Deselect>0</Deselect>
<Filter>${Input}</Filter>
<Type>SelectFiles</Type>
<Wildcard>1</Wildcard>
<WindowFilter></WindowFilter>
<WindowMatchType>Active</WindowMatchType>
</Action></Actions>
<Conditions>
<Condition>
<Compare>${Class}</Compare>
<Negate>0</Negate>
<Operator>matches regular expression</Operator>
<Type>If</Type>
<With>(CabinetWClass|ExploreWClass)</With>
</Condition></Conditions>
<DeleteAfterUse>0</DeleteAfterUse>
<DisableAfterUse>0</DisableAfterUse>
<Enabled>1</Enabled>
<ID>308</ID>
<Name>Explorer: Select files</Name>
<OneInstance>0</OneInstance>
<Trigger>
<Key>^S</Key>
<Type>Hotkey</Type>
</Trigger>
</Event><Event>
<Actions>
<Action>
<Keys>^,</Keys>
<Type>SendKeys</Type>
</Action></Actions>
<Conditions>
<Condition>
<Negate>0</Negate>
<Type>WindowActive</Type>
<WindowFilter>Photo_Lightweight_Viewer</WindowFilter>
<WindowMatchType>Class</WindowMatchType>
</Condition></Conditions>
<DeleteAfterUse>0</DeleteAfterUse>
<DisableAfterUse>0</DisableAfterUse>
<Enabled>1</Enabled>
<ID>309</ID>
<Name>Picture viewer: Rotate image right with R</Name>
<OneInstance>0</OneInstance>
<Trigger>
<Key>R</Key>
<Type>Hotkey</Type>
</Trigger>
</Event><Event>
<Actions>
<Action>
<Keys>^,</Keys>
<Type>SendKeys</Type>
</Action></Actions>
<Conditions>
<Condition>
<Negate>0</Negate>
<Type>WindowActive</Type>
<WindowFilter>Photo_Lightweight_Viewer</WindowFilter>
<WindowMatchType>Class</WindowMatchType>
</Condition></Conditions>
<DeleteAfterUse>0</DeleteAfterUse>
<DisableAfterUse>0</DisableAfterUse>
<Enabled>1</Enabled>
<ID>310</ID>
<Name>Picture viewer: Rotate image left with L</Name>
<OneInstance>0</OneInstance>
<Trigger>
<Key>L</Key>
<Type>Hotkey</Type>
</Trigger>
</Event><Event>
<Actions>
<Action>
<Area>Window</Area>
<Quality>95</Quality>
<TargetFile>Screenshot.jpg</TargetFile>
<TargetFolder>%Temp%</TargetFolder>
<Type>Screenshot</Type>
</Action><Action>
<Cancel>1</Cancel>
<Text>Enter image filename:</Text>
<Title>Enter filename</Title>
<Type>Input</Type>
</Action><Action>
<Clipboard>1</Clipboard>
<Hostname>Enter Hostname</Hostname>
<Password></Password>
<Port>21</Port>
<Silent>0</Silent>
<SourceFiles>%temp%\Screenshot.jpg</SourceFiles>
<TargetFile>${Input}</TargetFile>
<TargetFolder></TargetFolder>
<Type>Upload</Type>
<URL>http://urltohost.com</URL>
<User>Enter Username</User>
</Action><Action>
<Overwrite>0</Overwrite>
<Silent>1</Silent>
<SourceFile>%temp%\Screenshot.jpg</SourceFile>
<TargetFile></TargetFile>
<TargetPath></TargetPath>
<Type>Delete</Type>
</Action></Actions>
<Conditions>
</Conditions>
<DeleteAfterUse>0</DeleteAfterUse>
<DisableAfterUse>0</DisableAfterUse>
<Enabled>1</Enabled>
<ID>311</ID>
<Name>FTP: Upload window screenshot</Name>
<OneInstance>1</OneInstance>
<Trigger>
<Key>#Insert</Key>
<Type>Hotkey</Type>
</Trigger>
</Event><Event>
<Actions>
<Action>
<Area>Screen</Area>
<Quality>95</Quality>
<TargetFile>Screenshot.jpg</TargetFile>
<TargetFolder>%Temp%</TargetFolder>
<Type>Screenshot</Type>
</Action><Action>
<Cancel>1</Cancel>
<Text>Enter image filename:</Text>
<Title>Enter filename</Title>
<Type>Input</Type>
</Action><Action>
<Clipboard>1</Clipboard>
<Hostname>Enter Hostname</Hostname>
<Password></Password>
<Port>21</Port>
<Silent>0</Silent>
<SourceFiles>%temp%\Screenshot.jpg</SourceFiles>
<TargetFile>${Input}</TargetFile>
<TargetFolder></TargetFolder>
<Type>Upload</Type>
<URL>http://urltohost.com</URL>
<User>Enter Username</User>
</Action><Action>
<Overwrite>0</Overwrite>
<Silent>1</Silent>
<SourceFile>%temp%\Screenshot.jpg</SourceFile>
<TargetFile></TargetFile>
<TargetPath></TargetPath>
<Type>Delete</Type>
</Action></Actions>
<Conditions>
</Conditions>
<DeleteAfterUse>0</DeleteAfterUse>
<DisableAfterUse>0</DisableAfterUse>
<Enabled>1</Enabled>
<ID>312</ID>
<Name>FTP: Upload screenshot</Name>
<OneInstance>1</OneInstance>
<Trigger>
<Key>!Insert</Key>
<Type>Hotkey</Type>
</Trigger>
</Event><Event>
<Actions>
<Action>
<Clipboard>1</Clipboard>
<Hostname>Enter Hostname</Hostname>
<Password></Password>
<Port>21</Port>
<Silent>0</Silent>
<SourceFiles>${SelNQ}</SourceFiles>
<TargetFile></TargetFile>
<TargetFolder></TargetFolder>
<Type>Upload</Type>
<URL>http://urltohost.com</URL>
<User>Enter Username</User>
</Action></Actions>
<Conditions>
<Condition>
<Compare>${Class}</Compare>
<Negate>0</Negate>
<Operator>matches regular expression</Operator>
<Type>If</Type>
<With>(CabinetWClass|ExploreWClass|WorkerW|Progman)</With>
</Condition><Condition>
<Negate>1</Negate>
<Type>IsRenaming</Type>
</Condition></Conditions>
<DeleteAfterUse>0</DeleteAfterUse>
<DisableAfterUse>0</DisableAfterUse>
<Enabled>1</Enabled>
<ID>313</ID>
<Name>Explorer / FTP: Upload selected files</Name>
<OneInstance>1</OneInstance>
<Trigger>
<Key>^U</Key>
<Type>Hotkey</Type>
</Trigger>
</Event><Event>
<Actions>
<Action>
<Clipboard>1</Clipboard>
<Hostname>Enter Hostname</Hostname>
<Password></Password>
<Port>21</Port>
<Silent>0</Silent>
<SourceFiles>${SelNQ}</SourceFiles>
<TargetFile></TargetFile>
<TargetFolder></TargetFolder>
<Type>Upload</Type>
<URL>http://urltohost.com</URL>
<User>Enter Username</User>
</Action></Actions>
<Conditions>
<Condition>
<Negate>0</Negate>
<Type>IsDialog</Type>
</Condition><Condition>
<Negate>1</Negate>
<Type>IsRenaming</Type>
</Condition></Conditions>
<DeleteAfterUse>0</DeleteAfterUse>
<DisableAfterUse>0</DisableAfterUse>
<Enabled>1</Enabled>
<ID>314</ID>
<Name>File Dialog / FTP: Upload selected files</Name>
<OneInstance>1</OneInstance>
<Trigger>
<Key>^U</Key>
<Type>Hotkey</Type>
</Trigger>
</Event><Event>
<Actions>
<Action>
<ForceClose></ForceClose>
<Type>WindowClose</Type>
<WindowFilter></WindowFilter>
<WindowMatchType>UnderMouse</WindowMatchType>
</Action></Actions>
<Conditions>
<Condition>
<MouseOverType>Titlebar</MouseOverType>
<Negate>0</Negate>
<Type>MouseOver</Type>
<WindowFilter></WindowFilter>
<WindowMatchType>Program</WindowMatchType>
</Condition></Conditions>
<DeleteAfterUse>0</DeleteAfterUse>
<DisableAfterUse>0</DisableAfterUse>
<Enabled>1</Enabled>
<ID>315</ID>
<Name>Window Handling: Middle click on title: Close window under mouse</Name>
<OneInstance>0</OneInstance>
<Trigger>
<Key>MButton</Key>
<Type>Hotkey</Type>
</Trigger>
</Event><Event>
<Actions>
<Action>
<Type>MinimizeToTray</Type>
<WindowFilter></WindowFilter>
<WindowMatchType>UnderMouse</WindowMatchType>
</Action></Actions>
<Conditions>
<Condition>
<MouseOverType>MinimizeButton</MouseOverType>
<Negate>0</Negate>
<Type>MouseOver</Type>
<WindowFilter></WindowFilter>
<WindowMatchType>Program</WindowMatchType>
</Condition></Conditions>
<DeleteAfterUse>0</DeleteAfterUse>
<DisableAfterUse>0</DisableAfterUse>
<Enabled>1</Enabled>
<ID>316</ID>
<Name>Window Handling: Right click on minimize button: Minimize to tray</Name>
<OneInstance>0</OneInstance>
<Trigger>
<Key>RButton</Key>
<Type>Hotkey</Type>
</Trigger>
</Event><Event>
<Actions>
<Action>
<FlashingWindows>1</FlashingWindows>
<Notifications>1</Notifications>
<ToggleWindows>1</ToggleWindows>
<Type>FlashingWindows</Type>
</Action></Actions>
<Conditions>
</Conditions>
<DeleteAfterUse>0</DeleteAfterUse>
<DisableAfterUse>0</DisableAfterUse>
<Enabled>1</Enabled>
<ID>317</ID>
<Name>Window Handling: Activate notification/flashing/previous window</Name>
<OneInstance>0</OneInstance>
<Trigger>
<Key>CapsLock</Key>
<Type>Hotkey</Type>
</Trigger>
</Event><Event>
<Actions>
<Action>
<Action>Toggle always on top</Action>
<Type>WindowState</Type>
<WindowFilter></WindowFilter>
<WindowMatchType>UnderMouse</WindowMatchType>
</Action><Action>
<Action>Start timer</Action>
<TimerID>321</TimerID>
<Type>ControlTimer</Type>
</Action><Action>
<Action>Enable Event</Action>
<EventID>319</EventID>
<Type>ControlEvent</Type>
</Action><Action>
<Action>Enable Event</Action>
<EventID>320</EventID>
<Type>ControlEvent</Type>
</Action><Action>
<Action>Trigger Event</Action>
<EventID>319</EventID>
<Type>ControlEvent</Type>
</Action><Action>
<Action>Trigger Event</Action>
<EventID>320</EventID>
<Type>ControlEvent</Type>
</Action></Actions>
<Conditions>
<Condition>
<MouseOverType>Titlebar</MouseOverType>
<Negate>0</Negate>
<Type>MouseOver</Type>
<WindowFilter></WindowFilter>
<WindowMatchType>Program</WindowMatchType>
</Condition></Conditions>
<DeleteAfterUse>0</DeleteAfterUse>
<DisableAfterUse>0</DisableAfterUse>
<Enabled>1</Enabled>
<ID>318</ID>
<Name>Window Handling: Right click on titlebar: Toggle always on top</Name>
<OneInstance>0</OneInstance>
<Trigger>
<Key>RButton</Key>
<Type>Hotkey</Type>
</Trigger>
</Event><Event>
<Actions>
<Action>
<Keys>{Esc}</Keys>
<Type>SendKeys</Type>
</Action><Action>
<Action>Disable Event</Action>
<EventID>321</EventID>
<Type>ControlEvent</Type>
</Action><Action>
<Action>Disable Event</Action>
<EventID>320</EventID>
<Type>ControlEvent</Type>
</Action><Action>
<Command></Command>
<Type>Run</Type>
<WaitForFinish>0</WaitForFinish>
<WorkingDirectory></WorkingDirectory>
</Action></Actions>
<Conditions>
<Condition>
<Negate>0</Negate>
<Type>IsContextMenuActive</Type>
</Condition></Conditions>
<DeleteAfterUse>0</DeleteAfterUse>
<DisableAfterUse>1</DisableAfterUse>
<Enabled>0</Enabled>
<ID>319</ID>
<Name>Window Handling: Toggle always on top -&gt; Context menu active</Name>
<OneInstance>0</OneInstance>
<Trigger>
<Type>None</Type>
</Trigger>
</Event><Event>
<Actions>
<Action>
<Action>Trigger Event</Action>
<EventID>319</EventID>
<Type>ControlEvent</Type>
</Action><Action>
<Action>Trigger Event</Action>
<EventID>320</EventID>
<Type>ControlEvent</Type>
</Action></Actions>
<Conditions>
<Condition>
<Negate>1</Negate>
<Type>IsContextMenuActive</Type>
</Condition></Conditions>
<DeleteAfterUse>0</DeleteAfterUse>
<DisableAfterUse>0</DisableAfterUse>
<Enabled>0</Enabled>
<ID>320</ID>
<Name>Window Handling: Toggle always on top -&gt; No context menu active</Name>
<OneInstance>0</OneInstance>
<Trigger>
<Type>None</Type>
</Trigger>
</Event><Event>
<Actions>
<Action>
<Action>Disable Event</Action>
<EventID>319</EventID>
<Type>ControlEvent</Type>
</Action><Action>
<Action>Disable Event</Action>
<EventID>320</EventID>
<Type>ControlEvent</Type>
</Action><Action>
<Action>Disable Event</Action>
<EventID>321</EventID>
<Type>ControlEvent</Type>
</Action></Actions>
<Conditions>
</Conditions>
<DeleteAfterUse>0</DeleteAfterUse>
<DisableAfterUse>0</DisableAfterUse>
<Enabled>0</Enabled>
<ID>321</ID>
<Name>Window Handling: Toggle always on top -&gt; context menu timeout</Name>
<OneInstance>0</OneInstance>
<Trigger>
<Restart>0</Restart>
<ShowProgress>0</ShowProgress>
<Time>2000</Time>
<Type>Timer</Type>
</Trigger>
</Event><Event>
<Actions>
<Action>
<Action>Disable always on top</Action>
<Type>WindowState</Type>
<WindowFilter></WindowFilter>
<WindowMatchType>Active</WindowMatchType>
</Action></Actions>
<Conditions>
</Conditions>
<DeleteAfterUse>0</DeleteAfterUse>
<DisableAfterUse>0</DisableAfterUse>
<Enabled>1</Enabled>
<ID>326</ID>
<Name>Window Handling: Remove always on top when window gets maximized</Name>
<OneInstance>0</OneInstance>
<Trigger>
<Event>Window maximized</Event>
<Type>WindowStateChange</Type>
<WindowFilter></WindowFilter>
<WindowMatchType>Active</WindowMatchType>
</Trigger>
</Event><Event>
<Actions>
<Action>
<ForceClose></ForceClose>
<Type>WindowClose</Type>
<WindowFilter></WindowFilter>
<WindowMatchType>UnderMouse</WindowMatchType>
</Action></Actions>
<Conditions>
<Condition>
<MouseOverType>CloseButton</MouseOverType>
<Negate>0</Negate>
<Type>MouseOver</Type>
<WindowFilter></WindowFilter>
<WindowMatchType>Program</WindowMatchType>
</Condition></Conditions>
<DeleteAfterUse>0</DeleteAfterUse>
<DisableAfterUse>0</DisableAfterUse>
<Enabled>1</Enabled>
<ID>322</ID>
<Name>Window Handling: Right click on close button: Force-close window</Name>
<OneInstance>0</OneInstance>
<Trigger>
<Key>RButton</Key>
<Type>Hotkey</Type>
</Trigger>
</Event><Event>
<Actions>
<Action>
<ForceClose></ForceClose>
<Type>WindowClose</Type>
<WindowFilter></WindowFilter>
<WindowMatchType>Active</WindowMatchType>
</Action></Actions>
<Conditions>
</Conditions>
<DeleteAfterUse>0</DeleteAfterUse>
<DisableAfterUse>0</DisableAfterUse>
<Enabled>1</Enabled>
<ID>323</ID>
<Name>Window Handling: Force-close active program</Name>
<OneInstance>0</OneInstance>
<Trigger>
<Key>!F5</Key>
<Type>Hotkey</Type>
</Trigger>
</Event><Event>
<Actions>
<Action>
<Action>Minimize-&gt;Normal-&gt;Maximize</Action>
<Type>WindowState</Type>
<WindowFilter></WindowFilter>
<WindowMatchType>UnderMouse</WindowMatchType>
</Action></Actions>
<Conditions>
</Conditions>
<DeleteAfterUse>0</DeleteAfterUse>
<DisableAfterUse>0</DisableAfterUse>
<Enabled>1</Enabled>
<ID>324</ID>
<Name>Window Handling: Maximize window under mouse</Name>
<OneInstance>0</OneInstance>
<Trigger>
<Key>!WheelUp</Key>
<Type>Hotkey</Type>
</Trigger>
</Event><Event>
<Actions>
<Action>
<Action>Maximize-&gt;Normal-&gt;Minimize</Action>
<Type>WindowState</Type>
<WindowFilter></WindowFilter>
<WindowMatchType>UnderMouse</WindowMatchType>
</Action></Actions>
<Conditions>
</Conditions>
<DeleteAfterUse>0</DeleteAfterUse>
<DisableAfterUse>0</DisableAfterUse>
<Enabled>1</Enabled>
<ID>325</ID>
<Name>Window Handling: Restore / Minimize window under mouse</Name>
<OneInstance>1</OneInstance>
<Trigger>
<Key>!WheelDown</Key>
<Type>Hotkey</Type>
</Trigger>
</Event></Events>
<MajorVersion>2</MajorVersion>
<MinorVersion>0</MinorVersion>
